-849.974,-4531.08,11.1204,-0.115324
-849.751,-4531.08,11.1289,-0.115168
-849.529,-4531.09,11.136,-0.113503
-849.306,-4531.09,11.1429,-0.113732
-849.083,-4531.09,11.1533,-0.1126
-848.859,-4531.09,11.163,-0.110855
-848.636,-4531.1,11.1715,-0.111332
-848.413,-4531.1,11.1802,-0.111935
-848.189,-4531.1,11.1874,-0.114184
-847.965,-4531.1,11.1935,-0.118199
-847.741,-4531.11,11.2007,-0.121171
-847.517,-4531.11,11.2075,-0.124252
-847.293,-4531.11,11.2134,-0.126567
-847.068,-4531.11,11.2217,-0.127453
-846.844,-4531.12,11.228,-0.126143
-846.619,-4531.12,11.2348,-0.123395
-846.394,-4531.12,11.2446,-0.121068
-846.169,-4531.13,11.2529,-0.120079
-845.944,-4531.13,11.2598,-0.121619
-845.719,-4531.13,11.2672,-0.123558
-845.493,-4531.13,11.2737,-0.122364
-845.268,-4531.14,11.281,-0.123835
-845.042,-4531.14,11.293,-0.12872
-844.816,-4531.14,11.3031,-0.129306
-844.589,-4531.14,11.3125,-0.128971
-844.363,-4531.15,11.3209,-0.128837
-844.136,-4531.15,11.3292,-0.127038
-843.91,-4531.15,11.3381,-0.127348
-843.683,-4531.16,11.3459,-0.127926
-843.455,-4531.16,11.3539,-0.128366
-843.228,-4531.16,11.362,-0.130416
-843.001,-4531.16,11.3687,-0.129652
-842.773,-4531.17,11.3766,-0.125706
-842.545,-4531.17,11.3788,-0.121756
-842.317,-4531.17,11.3794,-0.121557
-842.089,-4531.18,11.3889,-0.120408
-841.861,-4531.18,11.3975,-0.118647
-841.633,-4531.18,11.4057,-0.121877
-841.404,-4531.18,11.4161,-0.125921
-841.176,-4531.19,11.4258,-0.129804
-840.947,-4531.19,11.436,-0.13181
-840.718,-4531.19,11.4434,-0.13708
-840.489,-4531.2,11.4492,-0.14483
-840.26,-4531.2,11.4586,-0.148306
-840.03,-4531.2,11.4683,-0.150937
-839.8,-4531.2,11.479,-0.151462
-839.571,-4531.21,11.4887,-0.149225
-839.34,-4531.21,11.4946,-0.148198
-839.11,-4531.21,11.5012,-0.146581
-838.88,-4531.22,11.5095,-0.144558
-838.649,-4531.22,11.517,-0.144095
-838.419,-4531.22,11.5225,-0.143354
-838.188,-4531.23,11.5297,-0.142793
-837.957,-4531.23,11.5394,-0.143373
-837.726,-4531.23,11.5474,-0.143953
-837.495,-4531.24,11.5545,-0.144926
-837.263,-4531.24,11.5613,-0.144974
-837.032,-4531.24,11.5674,-0.14314
-836.8,-4531.24,11.5748,-0.141744
-836.568,-4531.25,11.584,-0.139439
-836.336,-4531.25,11.5932,-0.136732
-836.104,-4531.25,11.6006,-0.135623
-835.871,-4531.26,11.6068,-0.135938
-835.639,-4531.26,11.6146,-0.138392
-835.406,-4531.26,11.6246,-0.141027
-835.173,-4531.26,11.6321,-0.140799
-834.94,-4531.27,11.6377,-0.138826
-834.707,-4531.27,11.6432,-0.137876
-834.473,-4531.27,11.648,-0.137486
-834.24,-4531.28,11.6553,-0.136407
-834.006,-4531.28,11.6628,-0.135164
-833.773,-4531.28,11.6678,-0.134658
-833.539,-4531.28,11.6748,-0.135097
-833.305,-4531.29,11.6824,-0.135354
-833.071,-4531.29,11.6881,-0.135303
-832.837,-4531.29,11.6941,-0.134842
-832.603,-4531.3,11.7004,-0.133288
-832.368,-4531.3,11.708,-0.131446
-832.134,-4531.3,11.7172,-0.130399
-831.899,-4531.3,11.7278,-0.128957
-831.664,-4531.31,11.7379,-0.128479
-831.428,-4531.31,11.7472,-0.128759
-831.193,-4531.31,11.7547,-0.128063
-830.958,-4531.32,11.7632,-0.126718
-830.723,-4531.32,11.7726,-0.124907
-830.487,-4531.32,11.7802,-0.123308
-830.252,-4531.32,11.7861,-0.121047
-830.016,-4531.33,11.7936,-0.118803
-829.779,-4531.33,11.8053,-0.117695
-829.542,-4531.33,11.8141,-0.117312
-829.306,-4531.33,11.8196,-0.117159
-829.068,-4531.34,11.8271,-0.11676
-828.831,-4531.34,11.8378,-0.116455
-828.594,-4531.34,11.8459,-0.116508
-828.356,-4531.34,11.8535,-0.118672
-828.118,-4531.35,11.8629,-0.118653
-827.881,-4531.35,11.872,-0.11539
-827.643,-4531.35,11.8807,-0.113428
-827.404,-4531.35,11.8889,-0.112458
-827.166,-4531.36,11.8983,-0.111486
-826.928,-4531.36,11.9068,-0.111794
-826.689,-4531.36,11.9132,-0.112702
-826.451,-4531.36,11.9204,-0.112152
-826.212,-4531.37,11.928,-0.110779
-825.973,-4531.37,11.934,-0.110261
-825.734,-4531.37,11.9391,-0.110251
-825.495,-4531.37,11.9446,-0.108934
-825.256,-4531.38,11.9509,-0.106048
-825.017,-4531.38,11.9576,-0.104142
-824.777,-4531.38,11.9643,-0.103824
-824.538,-4531.38,11.9698,-0.105004
-824.298,-4531.39,11.9755,-0.106519
-824.058,-4531.39,11.9832,-0.107416
-823.818,-4531.39,11.9891,-0.108698
-823.578,-4531.39,11.9944,-0.107718
-823.338,-4531.4,12.0014,-0.104165
-823.097,-4531.4,12.0083,-0.0999523
-822.857,-4531.4,12.0161,-0.096468
-822.616,-4531.4,12.024,-0.0943954
-822.375,-4531.4,12.0323,-0.0917193
-822.134,-4531.41,12.0398,-0.0903278
-821.893,-4531.41,12.0452,-0.0913195
-821.652,-4531.41,12.0507,-0.0903398
-821.41,-4531.41,12.0566,-0.0891654
-821.169,-4531.41,12.0619,-0.0884491
-820.927,-4531.42,12.0661,-0.0880924
-820.686,-4531.42,12.0693,-0.0866111
-820.444,-4531.42,12.0736,-0.0811573
-820.202,-4531.42,12.0793,-0.07541
-819.96,-4531.42,12.0863,-0.071663
-819.718,-4531.43,12.0934,-0.0696811
-819.476,-4531.43,12.0989,-0.0696508
-819.234,-4531.43,12.1037,-0.0705153
-818.991,-4531.43,12.1088,-0.0703803
-818.749,-4531.43,12.1148,-0.0699462
-818.506,-4531.43,12.1199,-0.0690309
-818.264,-4531.44,12.1243,-0.0673899
-818.021,-4531.44,12.1285,-0.0642941
-817.778,-4531.44,12.1334,-0.0613987
-817.535,-4531.44,12.1384,-0.0590728
-817.292,-4531.44,12.1438,-0.0566424
-817.049,-4531.44,12.1482,-0.0557353
-816.806,-4531.44,12.1522,-0.0563311
-816.562,-4531.45,12.158,-0.0559787
-816.319,-4531.45,12.1634,-0.0551389
-816.075,-4531.45,12.1681,-0.0550807
-815.832,-4531.45,12.1736,-0.0533097
-815.588,-4531.45,12.1794,-0.0521472
-815.344,-4531.45,12.1842,-0.0522152
-815.1,-4531.45,12.1892,-0.0509855
-814.856,-4531.45,12.1939,-0.0489374
-814.612,-4531.46,12.1987,-0.0477055
-814.368,-4531.46,12.2048,-0.0455787
-814.124,-4531.46,12.2129,-0.0420762
-813.879,-4531.46,12.2198,-0.0394936
-813.634,-4531.46,12.2246,-0.0378083
-813.39,-4531.46,12.2298,-0.037365
-813.145,-4531.46,12.2355,-0.0372866
-812.9,-4531.46,12.2409,-0.0371631
-812.655,-4531.46,12.2457,-0.0362711
-812.41,-4531.46,12.2486,-0.0338921
-812.165,-4531.46,12.2516,-0.0310067
-811.92,-4531.47,12.2559,-0.0273369
-811.674,-4531.47,12.2592,-0.021858
-811.429,-4531.47,12.2603,-0.016432
-811.184,-4531.47,12.2615,-0.0127583
-810.938,-4531.47,12.2615,-0.00881066
-810.693,-4531.47,12.2593,-0.00499236
-810.448,-4531.47,12.2557,-0.00122311
-810.203,-4531.47,12.2498,0.0004946
-809.958,-4531.47,12.2416,-0.000128299
-809.713,-4531.47,12.2294,-8.11962e-05
-809.469,-4531.47,12.2164,0.00273967
-809.225,-4531.47,12.206,0.00720054
-808.981,-4531.47,12.1948,0.0102053
-808.738,-4531.47,12.1808,0.0152631
-808.494,-4531.47,12.1669,0.0201589
-808.251,-4531.47,12.1559,0.0234384
-808.008,-4531.47,12.1436,0.0264181
-807.766,-4531.47,12.1318,0.030003
-807.524,-4531.47,12.1238,0.0317208
-807.282,-4531.47,12.1158,0.0312346
-807.04,-4531.46,12.1087,0.0361065
-806.797,-4531.46,12.1044,0.0440256
-806.555,-4531.46,12.098,0.0485376
-806.314,-4531.46,12.0869,0.0504835
-806.072,-4531.46,12.0804,0.0526362
-805.831,-4531.46,12.0765,0.0585362
-805.59,-4531.46,12.0657,0.0637635
-805.349,-4531.46,12.0579,0.0668796
-805.108,-4531.46,12.0505,0.071393
-804.867,-4531.46,12.0387,0.0762407
-804.627,-4531.45,12.029,0.0811696
-804.387,-4531.45,12.0172,0.0859598
-804.147,-4531.45,12.0044,0.0918269
-803.907,-4531.45,11.9951,0.101097
-803.668,-4531.45,11.9806,0.107138
-803.429,-4531.45,11.9671,0.110988
-803.191,-4531.44,11.958,0.115262
-802.953,-4531.44,11.9444,0.120223
-802.714,-4531.44,11.9289,0.122704
-802.476,-4531.44,11.916,0.124613
-802.239,-4531.44,11.9004,0.130207
-802.002,-4531.43,11.8848,0.135885
-801.765,-4531.43,11.8713,0.141898
-801.528,-4531.43,11.8564,0.149556
-801.291,-4531.43,11.8429,0.156441
-801.055,-4531.42,11.8288,0.160512
-800.82,-4531.42,11.8125,0.163452
-800.584,-4531.42,11.7968,0.16543
-800.349,-4531.41,11.7823,0.167261
-800.114,-4531.41,11.7695,0.168035
-799.879,-4531.41,11.7551,0.167779
-799.645,-4531.4,11.739,0.167387
-799.411,-4531.4,11.7236,0.166888
-799.177,-4531.4,11.7062,0.168868
-798.944,-4531.4,11.6878,0.172282
-798.711,-4531.39,11.6735,0.178265
-798.478,-4531.39,11.658,0.186945
-798.246,-4531.39,11.6389,0.195658
-798.014,-4531.38,11.6222,0.203652
-797.783,-4531.38,11.6072,0.209544
-797.552,-4531.37,11.5917,0.21173
-797.32,-4531.37,11.5762,0.209607
-797.09,-4531.37,11.5588,0.209012
-796.859,-4531.36,11.5388,0.211607
-796.629,-4531.36,11.5229,0.214418
-796.399,-4531.35,11.5058,0.220031
-796.17,-4531.35,11.4851,0.225976
-795.941,-4531.35,11.4674,0.230743
-795.713,-4531.34,11.4476,0.238216
-795.486,-4531.34,11.4289,0.247317
-795.258,-4531.33,11.4124,0.256287
-795.031,-4531.33,11.3928,0.26229
-794.804,-4531.32,11.3729,0.264376
-794.578,-4531.32,11.353,0.265901
-794.352,-4531.31,11.3327,0.2684
-794.126,-4531.31,11.313,0.269111
-793.9,-4531.3,11.2926,0.268308
-793.676,-4531.3,11.2714,0.26882
-793.451,-4531.29,11.2518,0.269699
-793.227,-4531.29,11.2311,0.272039
-793.003,-4531.28,11.2092,0.277802
-792.779,-4531.28,11.1902,0.283343
-792.556,-4531.27,11.171,0.28861
-792.334,-4531.27,11.1499,0.293548
-792.111,-4531.26,11.1307,0.297648
-791.889,-4531.26,11.1107,0.300432
-791.667,-4531.25,11.0902,0.303491
-791.445,-4531.24,11.0705,0.307381
-791.224,-4531.24,11.0495,0.311171
-791.003,-4531.23,11.0276,0.315472
-790.784,-4531.23,11.0055,0.320063
-790.565,-4531.22,10.9832,0.325185
-790.347,-4531.21,10.9602,0.329965
-790.129,-4531.21,10.9374,0.335006
-789.911,-4531.2,10.9145,0.339768
-789.694,-4531.19,10.892,0.344668
-789.477,-4531.19,10.8706,0.350452
-789.261,-4531.18,10.8459,0.355191
-789.045,-4531.17,10.8208,0.359854
-788.829,-4531.17,10.7985,0.364011
-788.614,-4531.16,10.7776,0.367731
-788.399,-4531.15,10.7561,0.370772
-788.185,-4531.15,10.7331,0.373407
-787.971,-4531.14,10.7102,0.379288
-787.758,-4531.13,10.6865,0.386301
-787.545,-4531.13,10.6625,0.39078
-787.333,-4531.12,10.6377,0.393396
-787.122,-4531.11,10.6134,0.398588
-786.91,-4531.1,10.5901,0.404917
-786.7,-4531.09,10.5654,0.410049
-786.49,-4531.09,10.5383,0.416522
-786.28,-4531.08,10.5074,0.424041
-786.072,-4531.07,10.4789,0.427682
-785.864,-4531.06,10.455,0.4293
-785.656,-4531.06,10.4302,0.432396
-785.448,-4531.05,10.4055,0.435758
-785.241,-4531.04,10.3849,0.440379
-785.034,-4531.03,10.3628,0.446408
-784.828,-4531.02,10.3385,0.454515
-784.622,-4531.01,10.3135,0.463173
-784.417,-4531,10.2858,0.47075
-784.213,-4531,10.2588,0.476104
-784.009,-4530.99,10.2344,0.479739
-783.805,-4530.98,10.2077,0.484821
-783.602,-4530.97,10.1814,0.487018
-783.399,-4530.96,10.1568,0.486157
-783.198,-4530.95,10.1308,0.49044
-782.996,-4530.94,10.1046,0.49621
-782.796,-4530.93,10.0778,0.499538
-782.595,-4530.92,10.0551,0.502402
-782.395,-4530.91,10.0365,0.503776
-782.195,-4530.9,10.0135,0.507303
-781.996,-4530.89,9.9898,0.513023
-781.796,-4530.88,9.97055,0.516454
-781.598,-4530.88,9.94907,0.520119
-781.4,-4530.87,9.92542,0.524008
-781.202,-4530.86,9.90084,0.528782
-781.005,-4530.85,9.87288,0.530979
-780.809,-4530.84,9.84662,0.533345
-780.613,-4530.83,9.81898,0.535682
-780.417,-4530.82,9.78949,0.537732
-780.222,-4530.81,9.76417,0.541439
-780.028,-4530.79,9.73666,0.543244
-779.835,-4530.78,9.70719,0.54302
-779.642,-4530.77,9.68283,0.541914
-779.449,-4530.76,9.65761,0.54398
-779.258,-4530.75,9.62763,0.5499
-779.066,-4530.74,9.59965,0.556359
-778.875,-4530.73,9.56907,0.565197
-778.685,-4530.72,9.54035,0.57398
-778.495,-4530.71,9.51459,0.579053
-778.306,-4530.7,9.48571,0.584116
-778.118,-4530.69,9.45974,0.587808
-777.929,-4530.68,9.43505,0.591372
-777.742,-4530.67,9.40913,0.595182
-777.554,-4530.65,9.38457,0.598112
-777.368,-4530.64,9.35929,0.602327
-777.182,-4530.63,9.33292,0.607293
-776.996,-4530.62,9.30733,0.609239
-776.811,-4530.61,9.28035,0.609973
-776.626,-4530.6,9.25561,0.612957
-776.442,-4530.58,9.23242,0.614773
-776.258,-4530.57,9.20608,0.616174
-776.075,-4530.56,9.17963,0.617638
-775.892,-4530.55,9.15515,0.620358
-775.709,-4530.54,9.13068,0.626416
-775.527,-4530.52,9.10737,0.630747
-775.345,-4530.51,9.08372,0.635517
-775.164,-4530.5,9.05657,0.639886
-774.983,-4530.49,9.03174,0.645165
-774.803,-4530.47,9.00631,0.64747
-774.625,-4530.46,8.97726,0.648918
-774.447,-4530.45,8.94938,0.649187
-774.269,-4530.44,8.92397,0.646662
-774.092,-4530.43,8.8982,0.646486
-773.915,-4530.41,8.87195,0.647086
-773.739,-4530.4,8.84593,0.646076
-773.563,-4530.39,8.81922,0.647128
-773.388,-4530.38,8.7931,0.65025
-773.214,-4530.37,8.76733,0.650022
-773.039,-4530.35,8.74227,0.650323
-772.866,-4530.34,8.71834,0.652161
-772.692,-4530.33,8.69407,0.65234
-772.52,-4530.32,8.66856,0.652136
-772.347,-4530.31,8.64247,0.649793
-772.176,-4530.29,8.61474,0.646313
-772.005,-4530.28,8.58909,0.648545
-771.834,-4530.27,8.56322,0.648936
-771.664,-4530.26,8.53419,0.646866
-771.495,-4530.24,8.50559,0.646576
-771.326,-4530.23,8.47763,0.646984
-771.157,-4530.22,8.44907,0.647988
-770.99,-4530.21,8.42021,0.648448
-770.822,-4530.2,8.39116,0.649818
-770.656,-4530.18,8.36127,0.648882
-770.489,-4530.17,8.33162,0.646214
-770.324,-4530.16,8.30064,0.644178
-770.159,-4530.15,8.27226,0.644297
-769.995,-4530.13,8.24332,0.644422
-769.831,-4530.12,8.21357,0.641435
-769.668,-4530.11,8.18505,0.638938
-769.505,-4530.1,8.15493,0.636642
-769.343,-4530.09,8.12646,0.6347
-769.181,-4530.07,8.09818,0.63279
-769.02,-4530.06,8.06999,0.631246
-768.86,-4530.05,8.04231,0.629925
-768.7,-4530.04,8.01454,0.628285
-768.541,-4530.03,7.98725,0.626959
-768.382,-4530.02,7.96067,0.626892
-768.224,-4530,7.9341,0.626987
-768.066,-4529.99,7.90604,0.62642
-767.909,-4529.98,7.87912,0.624708
-767.753,-4529.97,7.85414,0.620697
-767.597,-4529.96,7.82807,0.618906
-767.441,-4529.94,7.8017,0.617197
-767.286,-4529.93,7.77636,0.614101
-767.131,-4529.92,7.75044,0.611353
-766.977,-4529.91,7.72513,0.609269
-766.824,-4529.9,7.70038,0.60706
-766.671,-4529.89,7.67522,0.606299
-766.518,-4529.88,7.65039,0.606729
-766.366,-4529.86,7.6258,0.606011
-766.215,-4529.85,7.60122,0.605443
-766.063,-4529.84,7.57739,0.605377
-765.913,-4529.83,7.55333,0.604093
-765.763,-4529.82,7.52912,0.6017
-765.613,-4529.81,7.50487,0.598665
-765.464,-4529.8,7.4815,0.594453
-765.315,-4529.79,7.45875,0.590412
-765.167,-4529.77,7.43446,0.585263
-765.019,-4529.76,7.41027,0.581219
-764.872,-4529.75,7.38651,0.580247
-764.725,-4529.74,7.36202,0.579358
-764.579,-4529.73,7.33708,0.5776
-764.433,-4529.72,7.31329,0.575277
-764.287,-4529.71,7.28991,0.573266
-764.142,-4529.7,7.26621,0.57216
-763.998,-4529.69,7.24347,0.571154
-763.854,-4529.68,7.22172,0.570123
-763.71,-4529.67,7.19884,0.568383
-763.567,-4529.66,7.1762,0.56616
-763.424,-4529.65,7.15457,0.565134
-763.282,-4529.64,7.13358,0.562343
-763.14,-4529.62,7.11318,0.557232
-762.999,-4529.61,7.093,0.551424
-762.858,-4529.6,7.07277,0.543518
-762.717,-4529.59,7.05232,0.536243
-762.576,-4529.58,7.0335,0.530923
-762.435,-4529.57,7.01346,0.525009
-762.295,-4529.56,6.98936,0.521497
-762.156,-4529.55,6.96683,0.52192
-762.017,-4529.54,6.94604,0.520854
-761.879,-4529.53,6.92313,0.519633
-761.742,-4529.52,6.89831,0.520012
-761.604,-4529.51,6.87397,0.52047
-761.468,-4529.5,6.84791,0.519771
-761.332,-4529.49,6.82498,0.518339
-761.196,-4529.48,6.80293,0.514186
-761.061,-4529.47,6.77451,0.510052
-760.927,-4529.46,6.74695,0.505137
-760.793,-4529.46,6.72338,0.498431
-760.66,-4529.45,6.69737,0.491734
-760.527,-4529.44,6.67137,0.48577
-760.394,-4529.43,6.64682,0.481372
-760.263,-4529.42,6.61978,0.477234
-760.132,-4529.41,6.59435,0.472383
-760.001,-4529.4,6.57022,0.466209
-759.87,-4529.39,6.54265,0.461435
-759.741,-4529.39,6.51549,0.459893
-759.611,-4529.38,6.49181,0.457394
-759.482,-4529.37,6.4673,0.454389
-759.354,-4529.36,6.44194,0.451139
-759.225,-4529.35,6.41851,0.446781
-759.098,-4529.34,6.39516,0.444159
-758.971,-4529.33,6.36899,0.442347
-758.844,-4529.33,6.34284,0.43925
-758.718,-4529.32,6.31993,0.436575
-758.593,-4529.31,6.29487,0.432672
-758.467,-4529.3,6.27141,0.425909
-758.343,-4529.29,6.24714,0.415118
-758.219,-4529.29,6.21986,0.401968
-758.095,-4529.28,6.19882,0.394081
-757.971,-4529.27,6.17847,0.386729
-757.848,-4529.27,6.15387,0.37906
-757.726,-4529.26,6.12867,0.374849
-757.604,-4529.25,6.10542,0.373763
-757.483,-4529.25,6.08021,0.373189
-757.362,-4529.24,6.05527,0.372753
-757.241,-4529.23,6.03401,0.373864
-757.121,-4529.22,6.0106,0.375229
-757.002,-4529.22,5.98576,0.37283
-756.883,-4529.21,5.96347,0.366058
-756.764,-4529.2,5.94194,0.363007
-756.646,-4529.2,5.91994,0.360916
-756.529,-4529.19,5.89745,0.354
-756.411,-4529.18,5.87529,0.348529
-756.295,-4529.18,5.85523,0.345839
-756.178,-4529.17,5.83621,0.3438
-756.062,-4529.16,5.81298,0.34451
-755.946,-4529.16,5.79075,0.341217
-755.831,-4529.15,5.77171,0.332476
-755.716,-4529.15,5.74928,0.32689
-755.602,-4529.14,5.72715,0.323527
-755.488,-4529.13,5.70736,0.320798
-755.374,-4529.13,5.68558,0.317151
-755.261,-4529.12,5.66432,0.311554
-755.149,-4529.12,5.64365,0.307654
-755.037,-4529.11,5.6209,0.304674
-754.925,-4529.11,5.59937,0.301169
-754.813,-4529.1,5.57898,0.29893
-754.702,-4529.09,5.55919,0.297373
-754.592,-4529.09,5.53673,0.295625
-754.482,-4529.08,5.51343,0.295352
-754.372,-4529.08,5.49433,0.293432
-754.262,-4529.07,5.47265,0.287347
-754.154,-4529.07,5.44923,0.281387
-754.045,-4529.06,5.431,0.279027
-753.937,-4529.06,5.41112,0.275187
-753.83,-4529.05,5.38759,0.270226
-753.723,-4529.05,5.36657,0.266493
-753.616,-4529.04,5.3459,0.261683
-753.51,-4529.04,5.32305,0.25763
-753.404,-4529.03,5.3019,0.254975
-753.298,-4529.03,5.28045,0.254357
-753.193,-4529.02,5.25591,0.251388
-753.089,-4529.02,5.2333,0.248179
-752.985,-4529.01,5.21283,0.246317
-752.881,-4529.01,5.19058,0.241572
-752.778,-4529,5.16752,0.238595
-752.674,-4529,5.14335,0.237105
-752.572,-4529,5.11767,0.23555
-752.47,-4528.99,5.09105,0.233725
-752.368,-4528.99,5.06623,0.233963
-752.267,-4528.98,5.04248,0.235537
-752.167,-4528.98,5.01441,0.233149
-752.068,-4528.97,4.98541,0.229679
-751.969,-4528.97,4.95895,0.226769
-751.87,-4528.97,4.93333,0.223389
-751.772,-4528.96,4.90684,0.220176
-751.675,-4528.96,4.88043,0.216938
-751.578,-4528.95,4.85587,0.214467
-751.481,-4528.95,4.83399,0.213969
-751.385,-4528.95,4.81217,0.212632
-751.289,-4528.94,4.78713,0.209371
-751.194,-4528.94,4.76186,0.205406
-751.1,-4528.94,4.73806,0.20204
-751.006,-4528.93,4.71489,0.199768
-750.912,-4528.93,4.69327,0.196404
-750.818,-4528.93,4.67273,0.193515
-750.726,-4528.92,4.64944,0.188834
-750.633,-4528.92,4.62534,0.186131
-750.541,-4528.92,4.60346,0.186445
-750.45,-4528.91,4.58321,0.184647
-750.359,-4528.91,4.56346,0.183883
-750.268,-4528.91,4.54418,0.183414
-750.177,-4528.9,4.52568,0.181403
-750.087,-4528.9,4.50712,0.179642
-749.998,-4528.9,4.48951,0.179394
-749.908,-4528.89,4.47298,0.179377
-749.819,-4528.89,4.45573,0.178531
-749.73,-4528.89,4.43785,0.177781
-749.642,-4528.88,4.42146,0.177868
-749.554,-4528.88,4.4052,0.176714
-749.466,-4528.88,4.39066,0.173371
-749.378,-4528.87,4.37777,0.168798
-749.291,-4528.87,4.36107,0.166729
-749.204,-4528.87,4.34182,0.165433
-749.117,-4528.86,4.32491,0.162208
-749.031,-4528.86,4.30907,0.160914
-748.946,-4528.86,4.29193,0.163143
-748.86,-4528.86,4.27563,0.167597
-748.775,-4528.85,4.25891,0.168201
-748.69,-4528.85,4.24366,0.169442
-748.606,-4528.85,4.22839,0.169987
-748.521,-4528.84,4.21183,0.166458
-748.438,-4528.84,4.19566,0.161019
-748.354,-4528.84,4.17841,0.154642
-748.271,-4528.84,4.16129,0.149217
-748.187,-4528.83,4.14534,0.145007
-748.105,-4528.83,4.1276,0.142357
-748.022,-4528.83,4.10958,0.142028
-747.94,-4528.82,4.09398,0.144332
-747.858,-4528.82,4.07858,0.145731
-747.777,-4528.82,4.06354,0.145513
-747.696,-4528.82,4.04954,0.145353
-747.615,-4528.81,4.0341,0.143832
-747.534,-4528.81,4.01735,0.142116
-747.454,-4528.81,4.00122,0.142499
-747.374,-4528.81,3.98325,0.142455
-747.295,-4528.8,3.96566,0.141894
-747.216,-4528.8,3.94829,0.140945
-747.137,-4528.8,3.93043,0.138733
-747.059,-4528.8,3.91427,0.136492
-746.981,-4528.79,3.89815,0.135539
-746.903,-4528.79,3.8809,0.133625
-746.825,-4528.79,3.86407,0.131495
-746.748,-4528.79,3.84923,0.131325
-746.672,-4528.78,3.83329,0.132036
-746.595,-4528.78,3.81644,0.132339
-746.519,-4528.78,3.80044,0.133314
-746.443,-4528.78,3.78524,0.135115
-746.367,-4528.77,3.76994,0.134671
-746.292,-4528.77,3.75372,0.13229
-746.217,-4528.77,3.73766,0.130507
-746.143,-4528.77,3.72322,0.130339
-746.068,-4528.77,3.70849,0.128617
-745.994,-4528.76,3.69293,0.124855
-745.921,-4528.76,3.67748,0.121545
-745.847,-4528.76,3.66139,0.121089
-745.774,-4528.76,3.64552,0.123044
-745.701,-4528.75,3.62895,0.124442
-745.629,-4528.75,3.61183,0.124571
-745.557,-4528.75,3.59609,0.123543
-745.485,-4528.75,3.58056,0.121357
-745.413,-4528.75,3.56449,0.118583
-745.342,-4528.74,3.54883,0.116247
-745.271,-4528.74,3.5328,0.115011
-745.201,-4528.74,3.51592,0.11338
-745.13,-4528.74,3.50003,0.111764
-745.06,-4528.74,3.48469,0.111192
-744.991,-4528.73,3.4692,0.110312
-744.922,-4528.73,3.45374,0.10854
-744.853,-4528.73,3.43772,0.106772
-744.784,-4528.73,3.4216,0.10606
-744.716,-4528.73,3.40677,0.105478
-744.648,-4528.72,3.39167,0.105571
-744.58,-4528.72,3.37516,0.107185
-744.512,-4528.72,3.35981,0.106983
-744.445,-4528.72,3.34548,0.104114
-744.378,-4528.72,3.33025,0.103235
-744.312,-4528.72,3.31415,0.10316
-744.246,-4528.71,3.29866,0.101088
-744.18,-4528.71,3.28522,0.102281
-744.114,-4528.71,3.27118,0.103087
-744.049,-4528.71,3.25437,0.0998963
-743.984,-4528.71,3.23777,0.0975625
-743.919,-4528.71,3.22248,0.0970372
-743.855,-4528.7,3.20703,0.0951181
-743.791,-4528.7,3.19,0.0926318
-743.727,-4528.7,3.17039,0.0915668
-743.664,-4528.7,3.1492,0.0904708
-743.601,-4528.7,3.12738,0.0884708
-743.538,-4528.7,3.10621,0.0869643
-743.476,-4528.69,3.08494,0.0852437
-743.415,-4528.69,3.06242,0.0832017
-743.354,-4528.69,3.04092,0.0825702
-743.293,-4528.69,3.02203,0.08185
-743.233,-4528.69,3.00328,0.0809398
-743.173,-4528.69,2.98477,0.0822415
-743.113,-4528.69,2.96808,0.0846922
-743.054,-4528.69,2.95082,0.0854076
-742.995,-4528.68,2.93348,0.0852649
-742.936,-4528.68,2.91711,0.0844806
-742.878,-4528.68,2.90022,0.082657
-742.82,-4528.68,2.88281,0.0803325
-742.763,-4528.68,2.86625,0.0775812
-742.705,-4528.68,2.85029,0.0741365
-742.648,-4528.68,2.83451,0.070127
-742.592,-4528.67,2.81917,0.0663838
-742.535,-4528.67,2.80458,0.0642166
-742.479,-4528.67,2.78977,0.0632125
-742.424,-4528.67,2.77532,0.0625792
-742.368,-4528.67,2.76215,0.0639041
-742.313,-4528.67,2.74881,0.0656915
-742.258,-4528.67,2.73539,0.0662754
-742.204,-4528.67,2.72201,0.0669933
-742.149,-4528.67,2.70962,0.0687697
-742.095,-4528.67,2.6968,0.0695132
-742.041,-4528.66,2.68388,0.0695649
-741.988,-4528.66,2.67241,0.0699476
-741.934,-4528.66,2.66192,0.0692177
-741.881,-4528.66,2.6531,0.068002
-741.827,-4528.66,2.64432,0.0661891
-741.774,-4528.66,2.63486,0.0628171
-741.722,-4528.66,2.6243,0.0584155
-741.669,-4528.66,2.61331,0.0538654
-741.617,-4528.66,2.60298,0.0501471
-741.565,-4528.66,2.59271,0.0470647
-741.513,-4528.66,2.58196,0.0452234
-741.462,-4528.65,2.57252,0.0456283
-741.41,-4528.65,2.5639,0.0478064
-741.359,-4528.65,2.55432,0.0505676
-741.308,-4528.65,2.54481,0.0534744
-741.257,-4528.65,2.53594,0.0568107
-741.206,-4528.65,2.52685,0.0598241
-741.155,-4528.65,2.51795,0.0609131
-741.105,-4528.65,2.50868,0.0602702
-741.055,-4528.65,2.49858,0.0590099
-741.005,-4528.65,2.4878,0.0561169
-740.955,-4528.65,2.47481,0.0526038
-740.906,-4528.64,2.46035,0.0498851
-740.857,-4528.64,2.446,0.048281
-740.808,-4528.64,2.43159,0.0476687
-740.76,-4528.64,2.4165,0.0480504
-740.711,-4528.64,2.40571,0.048055
-740.663,-4528.64,2.40062,0.0487154
-740.615,-4528.64,2.39723,0.0506791
-740.567,-4528.64,2.39381,0.0517796
-740.519,-4528.64,2.39064,0.0516514
-740.471,-4528.64,2.38897,0.0528435
-740.422,-4528.64,2.38716,0.052697
-740.375,-4528.64,2.3839,0.0514238
-740.327,-4528.64,2.38016,0.0507978
-740.279,-4528.63,2.37622,0.0486297
-740.231,-4528.63,2.3733,0.0458933
-740.184,-4528.63,2.37022,0.0440532
-740.136,-4528.63,2.36613,0.0433352
-740.089,-4528.63,2.36152,0.0427363
-740.041,-4528.63,2.35689,0.0411242
-739.994,-4528.63,2.353,0.0387993
-739.947,-4528.63,2.34864,0.0367978
-739.9,-4528.63,2.34319,0.0359946
-739.853,-4528.63,2.33814,0.0355522
-739.806,-4528.63,2.33281,0.0348685
-739.759,-4528.63,2.328,0.034529
-739.713,-4528.63,2.32388,0.0349519
-739.666,-4528.63,2.31923,0.0360412
-739.62,-4528.63,2.31396,0.0377372
-739.573,-4528.63,2.30918,0.0391542
-739.527,-4528.63,2.30466,0.0395732
-739.481,-4528.63,2.29888,0.0390501
-739.435,-4528.63,2.29352,0.0378901
-739.389,-4528.62,2.28876,0.0363959
-739.343,-4528.62,2.28304,0.0357009
-739.297,-4528.62,2.27639,0.0348569
-739.251,-4528.62,2.26937,0.0336405
-739.206,-4528.62,2.2616,0.0332447
-739.16,-4528.62,2.25331,0.0333148
-739.115,-4528.62,2.24528,0.0333318
-739.07,-4528.62,2.23781,0.0329248
-739.025,-4528.62,2.2303,0.0324437
-738.981,-4528.62,2.22178,0.0322037
-738.936,-4528.62,2.21284,0.031749
-738.891,-4528.62,2.20438,0.0316071
-738.847,-4528.62,2.19551,0.032316
-738.803,-4528.62,2.18538,0.0312758
-738.759,-4528.62,2.17517,0.0292951
-738.715,-4528.62,2.16476,0.0288167
-738.671,-4528.62,2.15328,0.028981
-738.628,-4528.62,2.1408,0.0280237
-738.585,-4528.62,2.12861,0.0265444
-738.542,-4528.62,2.11648,0.0269762
-738.5,-4528.62,2.10371,0.0273745
-738.458,-4528.62,2.08994,0.025688
-738.416,-4528.62,2.07521,0.0237668
-738.374,-4528.62,2.06065,0.0235157
-738.333,-4528.62,2.04545,0.0229977
-738.292,-4528.62,2.02969,0.0218145
-738.251,-4528.62,2.01339,0.0218012
-738.21,-4528.62,1.99958,0.0229443
-738.17,-4528.62,1.99067,0.0221428
-738.13,-4528.62,1.9827,0.0211754
-738.09,-4528.61,1.97343,0.0227057
-738.051,-4528.61,1.96423,0.0238316
-738.011,-4528.61,1.955,0.0239885
-737.972,-4528.61,1.9456,0.0239992
-737.933,-4528.61,1.93763,0.0238344
-737.894,-4528.61,1.92904,0.0225723
-737.855,-4528.61,1.91962,0.0211954
-737.816,-4528.61,1.91134,0.0201642
-737.778,-4528.61,1.90402,0.0186532
-737.739,-4528.61,1.89566,0.0169095
-737.701,-4528.61,1.88652,0.0152497
-737.664,-4528.61,1.87732,0.0145029
-737.626,-4528.61,1.86838,0.0146052
-737.588,-4528.61,1.85997,0.0149427
-737.551,-4528.61,1.85186,0.0154849
-737.514,-4528.61,1.84343,0.015993
-737.476,-4528.61,1.83489,0.0165422
-737.439,-4528.61,1.82652,0.0175609
-737.403,-4528.61,1.8184,0.0190337
-737.366,-4528.61,1.81074,0.0204073
-737.33,-4528.61,1.80235,0.0210743
-737.293,-4528.61,1.79399,0.0216193
-737.258,-4528.61,1.78531,0.0224942
-737.222,-4528.61,1.7767,0.0226943
-737.186,-4528.61,1.76859,0.0220088
-737.151,-4528.61,1.76076,0.0205623
-737.116,-4528.61,1.75416,0.0183106
-737.08,-4528.61,1.74734,0.0161199
-737.045,-4528.61,1.74052,0.0144089
-737.01,-4528.61,1.73379,0.0126927
-736.974,-4528.61,1.72691,0.0111749
-736.94,-4528.61,1.71944,0.0103788
-736.905,-4528.61,1.71149,0.0101611
-736.871,-4528.61,1.70367,0.010507
-736.837,-4528.61,1.69611,0.0121914
-736.802,-4528.61,1.68864,0.0141976
-736.768,-4528.61,1.68111,0.0162341
-736.734,-4528.61,1.67369,0.0184258
-736.701,-4528.61,1.66616,0.0198592
-736.667,-4528.61,1.65813,0.0208658
-736.634,-4528.61,1.64982,0.0214154
-736.601,-4528.61,1.64227,0.0217252
-736.568,-4528.61,1.63484,0.0221023
-736.535,-4528.61,1.62758,0.0218701
-736.502,-4528.61,1.62077,0.0202754
-736.469,-4528.61,1.61386,0.0182911
-736.436,-4528.61,1.60673,0.0167908
-736.404,-4528.61,1.59946,0.0151791
-736.372,-4528.61,1.59218,0.0142491
-736.34,-4528.61,1.58515,0.0140923
-736.308,-4528.61,1.57872,0.0141244
-736.276,-4528.61,1.57208,0.013848
-736.244,-4528.61,1.56539,0.0137469
-736.212,-4528.61,1.55828,0.0145375
-736.181,-4528.61,1.55106,0.0152021
-736.15,-4528.61,1.5442,0.015597
-736.119,-4528.61,1.53738,0.0160017
-736.087,-4528.61,1.53052,0.0164007
-736.056,-4528.61,1.52452,0.0168455
-736.026,-4528.61,1.51865,0.0167421
-735.995,-4528.61,1.51214,0.0165553
-735.964,-4528.61,1.50553,0.0161595
-735.934,-4528.61,1.49943,0.0154838
-735.904,-4528.61,1.49376,0.0148745
-735.874,-4528.61,1.488,0.0141799
-735.844,-4528.61,1.48238,0.0135145
-735.814,-4528.6,1.47612,0.0125532
-735.784,-4528.6,1.4696,0.0117789
-735.754,-4528.6,1.46279,0.0107723
-735.725,-4528.6,1.45623,0.00990116
-735.696,-4528.6,1.44981,0.0102462
-735.666,-4528.6,1.4436,0.0108473
-735.637,-4528.6,1.43758,0.0107918
-735.608,-4528.6,1.43156,0.0108082
-735.579,-4528.6,1.42532,0.0113736
-735.55,-4528.6,1.41937,0.0116169
-735.522,-4528.6,1.4136,0.0123115
-735.493,-4528.6,1.40716,0.0131652
-735.465,-4528.6,1.40068,0.0133095
-735.437,-4528.6,1.39427,0.0131392
-735.409,-4528.6,1.38801,0.0133252
-735.38,-4528.6,1.38138,0.0132495
-735.353,-4528.6,1.37544,0.0127936
-735.325,-4528.6,1.37,0.0118933
-735.297,-4528.6,1.36411,0.010629
-735.269,-4528.6,1.35872,0.00957833
-735.242,-4528.6,1.35362,0.00879616
-735.215,-4528.6,1.34832,0.00886699
-735.187,-4528.6,1.34273,0.00955083
-735.16,-4528.6,1.33752,0.0103011
-735.133,-4528.6,1.33233,0.0110675
-735.106,-4528.6,1.32683,0.012219
-735.079,-4528.6,1.32129,0.0132535
-735.053,-4528.6,1.31629,0.0141263
-735.026,-4528.6,1.31141,0.01441
-735,-4528.6,1.3056,0.0142232
-734.974,-4528.6,1.29993,0.0142128
-734.947,-4528.6,1.29476,0.0141913
-734.921,-4528.6,1.28985,0.0138291
-734.895,-4528.6,1.28506,0.0126006
-734.869,-4528.6,1.2805,0.0115037
-734.843,-4528.6,1.27554,0.0109987
-734.818,-4528.6,1.27045,0.0108057
-734.792,-4528.6,1.26521,0.0110139
-734.767,-4528.6,1.25984,0.0116575
-734.742,-4528.6,1.25395,0.0127571
-734.717,-4528.6,1.24792,0.013725
-734.692,-4528.6,1.24221,0.0138488
-734.666,-4528.6,1.23758,0.013458
-734.641,-4528.6,1.23284,0.0134255
-734.616,-4528.6,1.22841,0.0132026
-734.591,-4528.6,1.22389,0.012927
-734.567,-4528.6,1.21893,0.0121411
-734.542,-4528.6,1.21418,0.0117035
-734.517,-4528.6,1.20949,0.0117173
-734.492,-4528.6,1.2052,0.0115707
-734.468,-4528.6,1.20063,0.0112059
-734.443,-4528.6,1.19591,0.0110582
-734.419,-4528.6,1.1914,0.0114253
-734.395,-4528.6,1.1868,0.0115301
-734.371,-4528.6,1.18247,0.0117963
-734.347,-4528.6,1.17806,0.012069
-734.323,-4528.6,1.1737,0.011942
-734.299,-4528.6,1.16895,0.0118239
-734.275,-4528.6,1.16459,0.0115455
-734.251,-4528.6,1.16027,0.0112737
-734.228,-4528.6,1.15553,0.0116172
-734.204,-4528.6,1.15067,0.0115264
-734.181,-4528.6,1.14574,0.0108315
-734.158,-4528.6,1.14107,0.0106474
-734.135,-4528.6,1.13655,0.0106582
-734.112,-4528.6,1.13209,0.0108502
-734.089,-4528.6,1.12741,0.0116902
-734.066,-4528.6,1.12302,0.012628
-734.043,-4528.6,1.11848,0.0129892
-734.02,-4528.6,1.11376,0.0127787
-733.998,-4528.6,1.10909,0.0122499
-733.975,-4528.6,1.10464,0.0115914
-733.953,-4528.6,1.10002,0.0109672
-733.93,-4528.6,1.09524,0.0107983
-733.908,-4528.6,1.09093,0.0107118
-733.886,-4528.6,1.08604,0.0104496
-733.864,-4528.6,1.08107,0.0102956
-733.842,-4528.6,1.07677,0.0106202
-733.82,-4528.6,1.07233,0.011062
-733.798,-4528.6,1.06735,0.0111098
-733.776,-4528.6,1.06253,0.0109598
-733.754,-4528.6,1.05818,0.0105887
-733.733,-4528.6,1.05358,0.0104507
-733.712,-4528.6,1.04896,0.0104869
-733.69,-4528.6,1.04475,0.0106224
-733.669,-4528.6,1.03981,0.0105312
-733.648,-4528.6,1.03514,0.0101574
-733.627,-4528.6,1.03098,0.0100457
-733.606,-4528.6,1.02696,0.00998039
-733.585,-4528.6,1.02261,0.00976163
-733.564,-4528.6,1.01841,0.00926155
-733.543,-4528.6,1.01444,0.00845671
-733.523,-4528.6,1.0102,0.00756635
-733.502,-4528.6,1.0062,0.00729447
-733.482,-4528.6,1.00231,0.00739193
-733.461,-4528.6,0.998408,0.00772869
-733.441,-4528.6,0.99409,0.00827734
-733.421,-4528.6,0.989949,0.00874285
-733.401,-4528.6,0.986205,0.00901731
-733.381,-4528.6,0.982416,0.00977142
-733.361,-4528.6,0.978141,0.0105654
-733.341,-4528.6,0.973736,0.0105163
-733.322,-4528.6,0.969749,0.0104543
-733.302,-4528.6,0.965181,0.0108228
-733.282,-4528.6,0.960776,0.0112086
-733.263,-4528.6,0.956349,0.0114804
-733.243,-4528.6,0.951785,0.011988
-733.224,-4528.6,0.947357,0.0122846
-733.204,-4528.6,0.943796,0.0120545
-733.185,-4528.6,0.941622,0.0116954
-733.166,-4528.6,0.939909,0.0113126
-733.147,-4528.6,0.937747,0.0109283
-733.128,-4528.6,0.933806,0.0108688
-733.109,-4528.6,0.930151,0.0102806
-733.09,-4528.6,0.926859,0.00987505
-733.071,-4528.6,0.923317,0.0106319
-733.052,-4528.6,0.920174,0.0115584
-733.033,-4528.6,0.917407,0.0118864
-733.015,-4528.6,0.915315,0.0120845
-732.996,-4528.6,0.915234,0.0120247
-732.978,-4528.6,0.915406,0.011721
-732.959,-4528.6,0.914498,0.0118462
-732.941,-4528.6,0.913757,0.0117771
-732.923,-4528.6,0.913958,0.0112606
-732.904,-4528.6,0.914192,0.0111323
-732.886,-4528.6,0.915123,0.0106303
-732.867,-4528.6,0.916296,0.00995718
-732.848,-4528.6,0.917045,0.00946423
-732.829,-4528.6,0.917408,0.00982125
-732.81,-4528.6,0.917398,0.00986422
-732.792,-4528.6,0.918091,0.00971254
-732.773,-4528.6,0.919256,0.0101464
-732.754,-4528.6,0.920077,0.0107468
-732.735,-4528.6,0.921289,0.0110465
-732.716,-4528.6,0.923126,0.0110756
-732.697,-4528.6,0.925067,0.0112837
-732.679,-4528.6,0.926869,0.0112023
-732.66,-4528.6,0.928687,0.0112526
-732.641,-4528.6,0.930565,0.0115567
-732.622,-4528.6,0.932365,0.0118982
-732.603,-4528.6,0.933689,0.0118791
-732.584,-4528.6,0.935423,0.0117033
-732.565,-4528.6,0.93726,0.0112791
-732.546,-4528.6,0.939266,0.0107375
-732.527,-4528.6,0.942019,0.0106564
-732.508,-4528.6,0.944812,0.0104387
-732.488,-4528.6,0.947116,0.00990538
-732.469,-4528.6,0.949657,0.00951009
-732.45,-4528.6,0.951885,0.00939975
-732.43,-4528.6,0.953631,0.00931418
-732.411,-4528.6,0.956237,0.0095254
-732.391,-4528.6,0.958606,0.00867809
-732.372,-4528.6,0.96077,0.00726594
-732.352,-4528.6,0.962759,0.00667669
-732.332,-4528.6,0.964482,0.00624134
-732.313,-4528.6,0.965292,0.00646197
-732.293,-4528.6,0.966036,0.00689979
-732.273,-4528.6,0.966343,0.00710262
-732.254,-4528.6,0.966229,0.00761033
-732.234,-4528.6,0.966078,0.0076691
-732.214,-4528.6,0.965071,0.00791799
-732.194,-4528.6,0.963163,0.00921027
-732.174,-4528.6,0.959135,0.00937625
-732.155,-4528.6,0.952924,0.00857233
-732.135,-4528.6,0.946034,0.00861572
-732.116,-4528.6,0.939922,0.00946878
-732.097,-4528.6,0.933831,0.00918582
-732.077,-4528.6,0.928074,0.00857634
-732.058,-4528.6,0.923112,0.00904796
-732.039,-4528.6,0.917118,0.00909386
-732.02,-4528.6,0.910041,0.00826664
-732.002,-4528.6,0.902101,0.00758309
-731.983,-4528.6,0.894524,0.00773899
-731.965,-4528.6,0.887289,0.00732967
-731.947,-4528.6,0.881166,0.006127
-731.929,-4528.6,0.876483,0.00472512
-731.911,-4528.6,0.87142,0.00426182
-731.893,-4528.6,0.866005,0.00466716
-731.875,-4528.6,0.860107,0.0052451
-731.857,-4528.6,0.85274,0.00593706
-731.84,-4528.6,0.845722,0.00653183
-731.823,-4528.6,0.839852,0.0070071
-731.806,-4528.6,0.83329,0.00735342
-731.789,-4528.6,0.825985,0.00769049
-731.772,-4528.6,0.81847,0.0083861
-731.755,-4528.6,0.810509,0.00991435
-731.738,-4528.6,0.802097,0.0117396
-731.722,-4528.6,0.793943,0.0136697
-731.706,-4528.6,0.785717,0.0159351
-731.689,-4528.6,0.777927,0.0177378
-731.674,-4528.6,0.770397,0.0183522
-731.658,-4528.6,0.763285,0.0184249
-731.642,-4528.6,0.756492,0.0184366
-731.626,-4528.6,0.74911,0.0185291
-731.611,-4528.6,0.741566,0.0190976
-731.596,-4528.6,0.734443,0.019629
-731.58,-4528.6,0.727839,0.0196749
-731.565,-4528.6,0.721044,0.0194335
-731.55,-4528.6,0.714232,0.0195322
-731.535,-4528.6,0.706956,0.0196357
-731.521,-4528.6,0.699647,0.0193961
-731.507,-4528.6,0.691498,0.0191309
-731.493,-4528.6,0.683172,0.0184388
-731.479,-4528.6,0.675639,0.0170408
-731.465,-4528.6,0.667766,0.0162517
-731.451,-4528.6,0.659092,0.0161385
-731.438,-4528.6,0.650148,0.0157283
-731.424,-4528.6,0.642338,0.0152227
-731.411,-4528.6,0.634464,0.0148604
-731.398,-4528.6,0.626475,0.0149752
-731.384,-4528.6,0.618662,0.0157128
-731.371,-4528.6,0.611591,0.0163162
-731.359,-4528.6,0.604657,0.0162772
-731.346,-4528.6,0.597438,0.0159421
-731.333,-4528.6,0.590624,0.0159177
-731.321,-4528.6,0.583599,0.016313
-731.308,-4528.6,0.577303,0.0172015
-731.296,-4528.6,0.571254,0.018256
-731.284,-4528.6,0.565068,0.0195392
-731.272,-4528.6,0.558926,0.0209595
-731.261,-4528.6,0.552713,0.022506
-731.249,-4528.6,0.546608,0.023687
-731.238,-4528.6,0.540859,0.0241222
-731.226,-4528.6,0.535584,0.0233489
-731.215,-4528.6,0.531492,0.021461
-731.204,-4528.6,0.528119,0.0191904
-731.192,-4528.6,0.526048,0.0167375
-731.181,-4528.6,0.525208,0.014341
-731.17,-4528.6,0.525019,0.0122991
-731.159,-4528.6,0.525647,0.0104033
-731.148,-4528.6,0.526428,0.00891726
-731.137,-4528.6,0.527548,0.00864524
-731.127,-4528.6,0.52898,0.00900314
-731.116,-4528.6,0.531068,0.0097344
-731.105,-4528.6,0.533551,0.0107239
-731.094,-4528.6,0.53701,0.0117947
-731.083,-4528.6,0.541438,0.013024
-731.071,-4528.6,0.546562,0.0140749
-731.06,-4528.6,0.552175,0.0148856
-731.049,-4528.6,0.558038,0.0153912
-731.038,-4528.6,0.564229,0.0155496
-731.026,-4528.6,0.570272,0.0153822
-731.014,-4528.6,0.575999,0.0150046
-731.003,-4528.6,0.581613,0.014658
-730.991,-4528.6,0.587872,0.0143642
-730.979,-4528.6,0.594,0.0137231
-730.955,-4528.6,0.606256,0.0123898
-730.275,-4528.6,0.738938,0.0116303
-730.259,-4528.6,0.730269,0.0129373
-730.244,-4528.6,0.721708,0.0135615
-730.229,-4528.6,0.712705,0.0128078
-730.214,-4528.6,0.702148,0.0124585
-730.2,-4528.6,0.69053,0.0129461
-730.185,-4528.6,0.678942,0.0131882
-730.171,-4528.6,0.666609,0.0122469
-730.157,-4528.6,0.653565,0.0114424
-730.144,-4528.6,0.640335,0.0118341
-730.13,-4528.6,0.626175,0.0122047
-730.117,-4528.6,0.611355,0.0113842
-730.104,-4528.6,0.596321,0.0105981
-730.091,-4528.6,0.581102,0.0110855
-730.079,-4528.6,0.565289,0.0114749
-730.067,-4528.6,0.549735,0.0109289
-730.055,-4528.6,0.534136,0.0106128
-730.043,-4528.6,0.518197,0.0111283
-730.032,-4528.6,0.503123,0.0121176
-730.021,-4528.6,0.48822,0.0129696
-730.011,-4528.6,0.472012,0.0135959
-730.001,-4528.6,0.456392,0.0143293
-729.991,-4528.6,0.441701,0.0149859
-729.981,-4528.6,0.426602,0.0154581
-729.972,-4528.6,0.410671,0.0148677
-729.963,-4528.6,0.394473,0.01433
-729.954,-4528.6,0.378723,0.0143232
-729.945,-4528.6,0.363549,0.0143072
-729.937,-4528.6,0.348779,0.0147171
-729.929,-4528.6,0.333329,0.0155056
-729.922,-4528.6,0.318156,0.0158149
-729.915,-4528.6,0.303524,0.0154788
-729.908,-4528.6,0.289302,0.0151673
-729.901,-4528.6,0.274812,0.014894
-729.895,-4528.6,0.260206,0.0147145
-729.889,-4528.6,0.245727,0.0143649
-729.883,-4528.6,0.231262,0.0142847
-729.878,-4528.6,0.217162,0.014643
-729.872,-4528.6,0.203042,0.0151772
-729.867,-4528.6,0.188868,0.0157864
-729.862,-4528.6,0.17481,0.0163484
-729.858,-4528.6,0.160574,0.0166946
-729.854,-4528.6,0.146311,0.0164746
-729.85,-4528.6,0.133034,0.0163942
-729.846,-4528.6,0.119735,0.0163873
-729.843,-4528.6,0.106509,0.0164307
-729.84,-4528.6,0.093428,0.0166884
-729.836,-4528.6,0.0805678,0.016811
-729.834,-4528.6,0.0677697,0.0169286
-729.831,-4528.6,0.0554692,0.0175233
-729.829,-4528.6,0.0435112,0.0179629
-729.827,-4528.6,0.0317762,0.017986
-729.825,-4528.6,0.0205135,0.0181214
-729.823,-4528.6,0.00978674,0.017949
-729.821,-4528.6,0.00139206,0.0178974
-729.82,-4528.6,-0.00398152,0.0183903
-729.818,-4528.6,-0.00637685,0.0184969
-729.817,-4528.6,-0.0061162,0.0180738
-729.816,-4528.6,-0.0037872,0.0177422
-729.814,-4528.6,0.00116209,0.0170773
-729.813,-4528.6,0.00834114,0.0166248
-729.811,-4528.6,0.0159735,0.0167165
-729.809,-4528.6,0.0233338,0.0165981
-729.807,-4528.6,0.0310933,0.0161489
-729.805,-4528.6,0.0390637,0.0156224
-729.803,-4528.6,0.0462949,0.0152211
-729.801,-4528.6,0.0521118,0.0150807
-729.799,-4528.6,0.0566403,0.0153068
-729.797,-4528.6,0.0591477,0.0152483
-729.795,-4528.6,0.0601938,0.01488
-729.793,-4528.6,0.0601069,0.014626
-729.792,-4528.6,0.0588647,0.0144088
-729.79,-4528.6,0.056761,0.0142522
-729.789,-4528.6,0.0538126,0.0145441
-729.788,-4528.6,0.0509882,0.0145063
-729.787,-4528.6,0.0480878,0.0143084
-729.786,-4528.6,0.0456659,0.0141516
-729.785,-4528.6,0.0441157,0.0141214
-729.784,-4528.6,0.043844,0.0141952
-729.782,-4528.6,0.0441691,0.0142094
-729.781,-4528.6,0.0448251,0.0141493
-729.779,-4528.6,0.0454809,0.0140383
-729.778,-4528.6,0.0464061,0.0139923
-729.777,-4528.6,0.0472207,0.0140219
-729.775,-4528.6,0.048024,0.0137518
-729.774,-4528.6,0.0486027,0.0134085
-729.773,-4528.6,0.0487553,0.0130887
-729.772,-4528.6,0.0470692,0.0130283
-729.772,-4528.6,0.0449341,0.0131481
-729.771,-4528.6,0.0429749,0.0130766
-729.771,-4528.6,0.0408626,0.012904
-729.771,-4528.6,0.0385627,0.0127051
-729.771,-4528.6,0.0363004,0.0121637
-729.77,-4528.6,0.034362,0.0115569
-729.77,-4528.6,0.0327703,0.0113067
-729.77,-4528.6,0.0311877,0.0114334
-729.77,-4528.6,0.0296809,0.0113658
-729.769,-4528.6,0.0286034,0.0113135
-729.769,-4528.6,0.027514,0.0111915
-729.769,-4528.6,0.0262734,0.0112071
-729.769,-4528.6,0.0253125,0.0117289
-729.769,-4528.6,0.0242991,0.0118192
-729.769,-4528.6,0.0230606,0.0116508
-729.769,-4528.6,0.021607,0.0113897
-729.768,-4528.6,0.0207333,0.0111903
-729.768,-4528.6,0.0201697,0.0111264
-729.768,-4528.6,0.01959,0.0112722
-729.768,-4528.6,0.0186047,0.0113151
-729.768,-4528.6,0.0174347,0.0113253
-729.768,-4528.6,0.0164067,0.011404
-729.768,-4528.6,0.015301,0.0111141
-729.768,-4528.6,0.0142903,0.0111139
-729.768,-4528.6,0.0129753,0.0113466
-729.768,-4528.6,0.0118355,0.011069
-729.768,-4528.6,0.0106894,0.0105098
-729.768,-4528.6,0.00949936,0.0101364
-729.768,-4528.6,0.00830213,0.00990828
-729.768,-4528.6,0.00735082,0.00987486
-729.768,-4528.6,0.00667498,0.00984479
-729.768,-4528.6,0.00601726,0.00979102
-729.768,-4528.6,0.00548482,0.00955268
-729.768,-4528.6,0.00528947,0.00942605
-729.768,-4528.6,0.00495665,0.00934669
-729.768,-4528.6,0.00420333,0.00933945
-729.768,-4528.6,0.0038338,0.00947515
-729.768,-4528.6,0.00355101,0.00924813
-729.768,-4528.6,0.00299343,0.00919898
-729.768,-4528.6,0.00191276,0.00923055
-729.768,-4528.6,0.00114589,0.00923776
-729.768,-4528.6,0.000578086,0.00941087
-729.768,-4528.6,0.000101549,0.0093242
-729.768,-4528.6,-0.000676126,0.00883576
-729.768,-4528.6,-0.00182623,0.00847817
-729.768,-4528.6,-0.00247901,0.00853664
-729.768,-4528.6,-0.00286016,0.00870404
-729.768,-4528.6,-0.00294365,0.00867243
-729.768,-4528.6,-0.00330714,0.00836954
-729.768,-4528.6,-0.00376179,0.00801775
-729.768,-4528.6,-0.00398771,0.00782775
-729.768,-4528.6,-0.00428273,0.00818584
-729.769,-4528.6,-0.00485691,0.00835781
-729.769,-4528.6,-0.00505324,0.0082398
-729.769,-4528.6,-0.0053486,0.00812616
-729.769,-4528.6,-0.00562839,0.00796466
-729.769,-4528.6,-0.00571617,0.00800451
-729.769,-4528.6,-0.00615819,0.00806481
-729.769,-4528.6,-0.00647442,0.00797778
-729.769,-4528.6,-0.00702942,0.00788029
-729.769,-4528.6,-0.0076034,0.00780337
-729.769,-4528.6,-0.00805123,0.00775624
-729.769,-4528.6,-0.00823504,0.00813472
-729.769,-4528.6,-0.00828783,0.00831458
-729.77,-4528.6,-0.00865421,0.0083888
-729.77,-4528.6,-0.00902835,0.00812111
-729.77,-4528.6,-0.00909017,0.00801535
-729.77,-4528.6,-0.00927244,0.00834052
-729.77,-4528.6,-0.00984255,0.00875049
-729.77,-4528.6,-0.0103373,0.0090534
-729.771,-4528.6,-0.0109751,0.00919956
-729.771,-4528.6,-0.0112706,0.009
-729.771,-4528.6,-0.0114539,0.00890399
-729.771,-4528.6,-0.0116348,0.00903831
-729.771,-4528.6,-0.0118118,0.00898705
-729.771,-4528.6,-0.0117719,0.00897284
-729.771,-4528.6,-0.0120225,0.00879715
-729.771,-4528.6,-0.0122652,0.00862812
-729.771,-4528.6,-0.0123926,0.00855682
-729.771,-4528.6,-0.0126955,0.00839494
-729.771,-4528.6,-0.0128086,0.00817237
-729.771,-4528.6,-0.0129911,0.00801102
-729.771,-4528.6,-0.0132059,0.00781128
-729.771,-4528.6,-0.0132362,0.00772608
-729.772,-4528.6,-0.0131957,0.00808083
-729.772,-4528.6,-0.0134086,0.00818002
-729.772,-4528.6,-0.0135077,0.00823841
-729.772,-4528.6,-0.0138191,0.0082146
-729.772,-4528.6,-0.0138327,0.0081098
-729.772,-4528.6,-0.0137354,0.00816787
-729.772,-4528.6,-0.0137466,0.00831211
-729.772,-4528.6,-0.0135777,0.00825545
-729.772,-4528.6,-0.0135541,0.00804631
-729.772,-4528.6,-0.0134552,0.00788819
-729.772,-4528.6,-0.0134673,0.00770132
-729.772,-4528.6,-0.0132684,0.00797622
-729.772,-4528.6,-0.0131492,0.00825064
-729.773,-4528.6,-0.012927,0.00803926
-729.773,-4528.6,-0.0130355,0.00772009
-729.773,-4528.6,-0.0131425,0.007799
-729.773,-4528.6,-0.013176,0.00791363
-729.773,-4528.6,-0.013674,0.00792839
-729.773,-4528.6,-0.0141548,0.00779427
-729.773,-4528.6,-0.0145485,0.00746182
-729.773,-4528.6,-0.0148251,0.00738747
-729.773,-4528.6,-0.0148443,0.00738054
-729.773,-4528.6,-0.0145437,0.00756437
-729.773,-4528.6,-0.0145432,0.0077283
-729.773,-4528.6,-0.0142588,0.00763238
-729.773,-4528.6,-0.0140519,0.00730542
-729.773,-4528.6,-0.0140265,0.00709836
-729.773,-4528.6,-0.0139289,0.00701558
-729.774,-4528.6,-0.0140133,0.00697367
-729.774,-4528.6,-0.0143459,0.006883
-729.774,-4528.6,-0.0145219,0.00670704
-729.774,-4528.6,-0.0145811,0.00655712
-729.774,-4528.6,-0.0147821,0.00659415
-729.774,-4528.6,-0.0147992,0.00700795
-729.774,-4528.6,-0.0148103,0.0071267
-729.774,-4528.6,-0.0146011,0.00694987
-729.774,-4528.6,-0.0146137,0.00680442
-729.774,-4528.6,-0.0147336,0.0066031
-729.774,-4528.6,-0.0147075,0.00648864
-729.774,-4528.6,-0.0143965,0.00666066
-729.774,-4528.6,-0.0140955,0.0066863
-729.774,-4528.6,-0.0137345,0.00676798
-729.774,-4528.6,-0.0135618,0.00696879
-729.774,-4528.6,-0.0136757,0.00696549
-729.774,-4528.6,-0.0134964,0.00710357
-729.774,-4528.6,-0.0136036,0.0070555
-729.775,-4528.6,-0.0139532,0.00660871
-729.775,-4528.6,-0.0143283,0.00625085
-729.775,-4528.6,-0.0144414,0.00620826
-729.775,-4528.6,-0.0144056,0.00613062
-729.775,-4528.6,-0.014013,0.00633471
-729.775,-4528.6,-0.013848,0.0066902
-729.775,-4528.6,-0.0138639,0.00657915
-729.775,-4528.6,-0.0138054,0.00635837
-729.775,-4528.6,-0.0138539,0.0063168
-729.775,-4528.6,-0.0129657,0.0062291
-729.775,-4528.6,-0.0123917,0.00642336
-729.775,-4528.6,-0.0126951,0.00674113
-729.775,-4528.6,-0.0130915,0.00656398
-729.775,-4528.6,-0.0131845,0.0064591
-729.775,-4528.6,-0.0132717,0.00648954
-729.775,-4528.6,-0.0133555,0.00651367
-729.775,-4528.6,-0.0137208,0.00653574
-729.775,-4528.6,-0.0146101,0.00681777
-729.776,-4528.6,-0.0153159,0.00681666
-729.776,-4528.6,-0.0158726,0.00683354
-729.776,-4528.6,-0.0161751,0.00716171
-729.777,-4528.6,-0.0166179,0.00751551
-729.777,-4528.6,-0.0170586,0.00787877
-729.777,-4528.6,-0.0169586,0.00778565
-729.777,-4528.6,-0.0166852,0.0076495
-729.777,-4528.6,-0.0164257,0.00748807
-729.777,-4528.6,-0.0158934,0.00735058
-729.777,-4528.6,-0.0153829,0.00707617
-729.777,-4528.6,-0.0149648,0.00681026
-729.777,-4528.6,-0.0145641,0.00651606
-729.777,-4528.6,-0.0143934,0.00624608
-729.777,-4528.6,-0.0141577,0.00623564
-729.777,-4528.6,-0.0137892,0.00642263
-729.777,-4528.6,-0.0136136,0.00643705
-729.776,-4528.6,-0.0137672,0.00615863
-729.776,-4528.6,-0.0138128,0.00597954
-729.776,-4528.6,-0.0140399,0.00580218
-729.776,-4528.6,-0.0140462,0.00575128
-729.776,-4528.6,-0.0136232,0.00580688
-729.776,-4528.6,-0.0127835,0.00570656
-729.776,-4528.6,-0.012438,0.00542016
-729.776,-4528.61,-0.0124325,0.00530642
-729.776,-4528.61,-0.012217,0.00521041
-729.776,-4528.61,-0.011796,0.00534977
-729.776,-4528.61,-0.0111062,0.00576924
-729.776,-4528.61,-0.0104403,0.00591987
-729.776,-4528.61,-0.00982899,0.00583753
-729.776,-4528.61,-0.00956117,0.00551742
-729.776,-4528.61,-0.00873288,0.00550189
-729.776,-4528.61,-0.00765046,0.00566485
-729.776,-4528.61,-0.00643469,0.005695
-729.776,-4528.61,-0.00533659,0.00545912
-729.776,-4528.61,-0.00413894,0.00522549
-729.776,-4528.61,-0.00255732,0.00507227
-729.776,-4528.61,-0.00117313,0.00518338
-729.776,-4528.61,0.000307468,0.00531094
-729.775,-4528.61,0.001847,0.00502325
-729.775,-4528.61,0.00315403,0.00478821
-729.775,-4528.61,0.00437558,0.00471336
-729.775,-4528.61,0.0061249,0.00481608
-729.775,-4528.61,0.007532,0.00511509
-729.775,-4528.61,0.0088995,0.00547845
-729.775,-4528.61,0.0102659,0.00547704
-729.774,-4528.61,0.0113788,0.00542205
-729.774,-4528.61,0.0125878,0.00545528
-729.774,-4528.61,0.0137961,0.0054551
-729.773,-4528.61,0.0145757,0.00560824
-729.773,-4528.61,0.0151581,0.0054609
-729.773,-4528.61,0.0160178,0.00488784
-729.772,-4528.61,0.0167499,0.00447569
-729.772,-4528.61,0.0175664,0.00445319
-729.772,-4528.61,0.0183923,0.00439147
-729.771,-4528.61,0.0195539,0.00416236
-729.771,-4528.61,0.020681,0.00390992
-729.771,-4528.61,0.0218823,0.0036083
-729.77,-4528.61,0.0230132,0.00342234
-729.77,-4528.61,0.0240038,0.00355443
-729.77,-4528.61,0.024818,0.00373189
-729.769,-4528.61,0.0255683,0.00374381
-729.769,-4528.61,0.0264742,0.00374986
-729.769,-4528.61,0.0274241,0.00357429
-729.768,-4528.61,0.0286677,0.00339774
-729.768,-4528.61,0.0299074,0.00338102
-729.767,-4528.61,0.0311792,0.00334436
-729.767,-4528.61,0.0320539,0.00304623
-729.767,-4528.61,0.0329719,0.00274923
-729.766,-4528.61,0.0340398,0.00259416
-729.766,-4528.61,0.0352509,0.0026391
-729.766,-4528.61,0.0364935,0.00273919
-729.765,-4528.61,0.0376274,0.0025539
-729.765,-4528.61,0.0386881,0.00237072
-729.764,-4528.61,0.039891,0.00244776
-729.764,-4528.61,0.0415576,0.00251896
-729.764,-4528.61,0.0427796,0.0023413
-729.763,-4528.61,0.0440719,0.0024227
-729.763,-4528.61,0.0454652,0.00263012
-729.762,-4528.61,0.0468109,0.00272472
-729.762,-4528.61,0.0481517,0.00293416
-729.761,-4528.61,0.049922,0.00330484
-729.761,-4528.61,0.0516403,0.00342219
-729.761,-4528.61,0.0532874,0.00336751
-729.76,-4528.61,0.0568644,0.00332296
-729.758,-4528.61,0.0608595,0.00330678
-729.757,-4528.61,0.0646224,0.00344301
-729.756,-4528.61,0.0681148,0.00354694
-729.756,-4528.61,0.0703955,0.00371844
-729.755,-4528.61,0.0730584,0.00363313
-729.755,-4528.61,0.075819,0.00309444
-729.754,-4528.61,0.0788799,0.00256773
-729.753,-4528.61,0.082978,0.00254486
-729.752,-4528.61,0.0877173,0.00271746
-729.751,-4528.61,0.092392,0.00271719
-729.75,-4528.61,0.0969354,0.00265219
-729.749,-4528.61,0.102178,0.00274622
-729.748,-4528.61,0.108267,0.00291242
-729.746,-4528.61,0.114292,0.00302666
-729.745,-4528.61,0.120387,0.00293398
-729.743,-4528.61,0.127331,0.00237734
-729.741,-4528.61,0.135335,0.00202464
-729.738,-4528.61,0.143291,0.00179501
-729.735,-4528.61,0.151253,0.00157492
-729.732,-4528.61,0.159802,0.00137766
-729.729,-4528.61,0.168646,0.00114847
-729.726,-4528.61,0.177505,0.000808439
-729.723,-4528.61,0.186544,0.000589244
-729.719,-4528.61,0.196007,0.000644626
-729.715,-4528.61,0.205483,0.000570678
-729.711,-4528.61,0.215073,0.000506824
-729.707,-4528.61,0.224582,0.000133499
-729.703,-4528.61,0.234459,-0.000336571
-729.698,-4528.61,0.244659,-0.000483257
-729.693,-4528.61,0.254995,-0.000591603
-729.688,-4528.61,0.264776,-0.000840602
-729.682,-4528.61,0.274774,-0.00108729
-729.677,-4528.61,0.285036,-0.00148436
-729.671,-4528.61,0.295147,-0.00146905
-729.664,-4528.61,0.305514,-0.000923586
-729.658,-4528.61,0.31593,-0.000453428
-729.651,-4528.61,0.326619,3.80404e-05
-729.644,-4528.61,0.337705,0.00044875
-729.637,-4528.61,0.348806,0.000613037
-729.63,-4528.61,0.35976,0.00057678
-729.622,-4528.61,0.371298,0.000475226
-729.614,-4528.61,0.382674,8.13116e-05
-729.606,-4528.61,0.393928,-0.000539928
-729.598,-4528.61,0.405437,-0.00136695
-729.589,-4528.61,0.416966,-0.00210238
-729.58,-4528.61,0.428637,-0.00260664
-729.571,-4528.61,0.440613,-0.0026946
-729.562,-4528.61,0.452438,-0.00243458
-729.552,-4528.61,0.463343,-0.00240273
-729.542,-4528.61,0.474836,-0.0024583
-729.532,-4528.61,0.486614,-0.00225062
-729.522,-4528.61,0.497949,-0.00185711
-729.511,-4528.61,0.509352,-0.00184978
-729.5,-4528.61,0.521462,-0.00204225
-729.489,-4528.61,0.533523,-0.00216114
-729.478,-4528.61,0.545352,-0.00204686
-729.466,-4528.61,0.557475,-0.00217524
-729.454,-4528.61,0.569663,-0.00245015
-729.442,-4528.61,0.581554,-0.00248851
-729.43,-4528.61,0.592836,-0.00267594
-729.417,-4528.61,0.604661,-0.00320996
-729.404,-4528.61,0.617216,-0.00374098
-729.391,-4528.61,0.629955,-0.00396182
-729.378,-4528.61,0.642046,-0.00411882
-729.364,-4528.61,0.654105,-0.0041578
-729.35,-4528.61,0.666374,-0.00422822
-729.336,-4528.61,0.678399,-0.00412549
-729.322,-4528.61,0.690202,-0.00389209
-729.307,-4528.61,0.702284,-0.00374407
-729.292,-4528.61,0.714484,-0.00385339
-729.277,-4528.61,0.726755,-0.00380614
-729.262,-4528.61,0.739291,-0.00347515
-729.246,-4528.61,0.751609,-0.00335152
-729.23,-4528.61,0.764035,-0.00312329
-729.214,-4528.61,0.776372,-0.0028281
-729.198,-4528.61,0.789199,-0.00330425
-729.181,-4528.61,0.802655,-0.00437338
-729.165,-4528.61,0.816157,-0.00557716
-729.147,-4528.61,0.829807,-0.00699072
-729.13,-4528.61,0.843876,-0.00819668
-729.113,-4528.61,0.857077,-0.00933097
-729.096,-4528.61,0.870495,-0.010723
-729.078,-4528.61,0.884238,-0.0117481
-729.06,-4528.61,0.897804,-0.0121057
-729.041,-4528.61,0.912362,-0.0119227
-729.022,-4528.61,0.925815,-0.0112748
-729.002,-4528.61,0.938791,-0.00877498
-728.982,-4528.61,0.951234,-0.00484127
-728.962,-4528.61,0.964055,-0.000974518
-728.942,-4528.61,0.976416,0.00233864
-728.922,-4528.61,0.987841,0.005197
-728.901,-4528.61,1.0001,0.0064003
-728.88,-4528.61,1.01328,0.00533387
-728.858,-4528.61,1.02644,0.00279355
-728.836,-4528.61,1.03918,-0.000160981
-728.814,-4528.61,1.05155,-0.00361988
-728.792,-4528.61,1.06395,-0.00779391
-728.77,-4528.61,1.07732,-0.0110536
-728.747,-4528.61,1.09075,-0.012933
-728.724,-4528.61,1.10348,-0.0130354
-728.7,-4528.61,1.11558,-0.0112879
-728.677,-4528.61,1.12758,-0.00745622
-728.652,-4528.61,1.13949,-0.00294477
-728.628,-4528.61,1.15137,0.00128226
-728.604,-4528.61,1.16342,0.00627442
-728.579,-4528.61,1.17516,0.010545
-728.554,-4528.61,1.18699,0.0133261
-728.529,-4528.61,1.19915,0.0145109
-728.504,-4528.61,1.21177,0.0129876
-728.478,-4528.61,1.22454,0.0103056
-728.452,-4528.61,1.23784,0.0079754
-728.426,-4528.61,1.25134,0.00491563
-728.399,-4528.61,1.26477,0.00180769
-728.372,-4528.61,1.27779,-0.0009635
-728.345,-4528.61,1.29132,-0.00348242
-728.317,-4528.61,1.30546,-0.00490313
-728.29,-4528.61,1.31947,-0.00543746
-728.262,-4528.61,1.33451,-0.00544708
-728.234,-4528.61,1.35081,-0.00465747
-728.205,-4528.61,1.36817,-0.00346426
-728.176,-4528.61,1.38683,-0.00224347
-728.147,-4528.61,1.40658,-0.000965329
-728.117,-4528.61,1.42683,-0.000361571
-728.087,-4528.61,1.44822,-0.000276903
-728.056,-4528.61,1.47034,-0.000912677
-728.025,-4528.61,1.49337,-0.00187272
-727.994,-4528.61,1.51743,-0.00284105
-727.962,-4528.61,1.54129,-0.00367948
-727.929,-4528.6,1.56641,-0.00448251
-727.897,-4528.6,1.5924,-0.00602246
-727.863,-4528.6,1.61844,-0.00789937
-727.829,-4528.6,1.64541,-0.00967307
-727.795,-4528.6,1.67298,-0.0113001
-727.76,-4528.6,1.70056,-0.0125883
-727.724,-4528.61,1.72873,-0.0136416
-727.688,-4528.61,1.75748,-0.0151734
-727.651,-4528.61,1.78735,-0.0166303
-727.614,-4528.61,1.81824,-0.0172735
-727.576,-4528.61,1.84877,-0.017224
-727.537,-4528.61,1.87936,-0.0165479
-727.498,-4528.61,1.90998,-0.0152529
-727.458,-4528.61,1.93972,-0.0131557
-727.417,-4528.61,1.96834,-0.0111905
-727.376,-4528.61,1.99616,-0.00945885
-727.334,-4528.61,2.02316,-0.00778939
-727.292,-4528.61,2.0503,-0.00643149
-727.249,-4528.61,2.07801,-0.00637433
-727.206,-4528.61,2.10533,-0.00741214
-727.162,-4528.61,2.1318,-0.00861445
-727.118,-4528.61,2.15885,-0.00965945
-727.073,-4528.61,2.1872,-0.0106083
-727.028,-4528.61,2.21481,-0.012324
-726.982,-4528.61,2.24246,-0.0145527
-726.935,-4528.61,2.26972,-0.0170584
-726.887,-4528.61,2.29701,-0.0196606
-726.84,-4528.61,2.3247,-0.0226717
-726.791,-4528.61,2.3528,-0.025167
-726.742,-4528.61,2.38122,-0.0265769
-726.693,-4528.61,2.41034,-0.0278918
-726.643,-4528.61,2.43997,-0.0285168
-726.592,-4528.61,2.46973,-0.0280323
-726.543,-4528.61,2.49839,-0.026975
-726.492,-4528.61,2.52886,-0.0256506
-726.442,-4528.61,2.55983,-0.0238682
-726.39,-4528.61,2.59012,-0.0222703
-726.338,-4528.61,2.62057,-0.020872
-726.284,-4528.61,2.65266,-0.019073
-726.228,-4528.61,2.68509,-0.017927
-726.173,-4528.61,2.71612,-0.0175999
-726.116,-4528.61,2.74721,-0.0166155
-726.059,-4528.61,2.77847,-0.0159677
-726.002,-4528.61,2.80907,-0.0161895
-725.944,-4528.61,2.83947,-0.0162537
-725.885,-4528.61,2.86987,-0.0159679
-725.825,-4528.61,2.90059,-0.0155312
-725.765,-4528.61,2.93148,-0.0149555
-725.705,-4528.62,2.96269,-0.0148604
-725.644,-4528.62,2.9934,-0.0153028
-725.582,-4528.62,3.02416,-0.0150239
-725.52,-4528.62,3.05522,-0.0149861
-725.457,-4528.62,3.08545,-0.0151512
-725.393,-4528.62,3.1146,-0.0158592
-725.329,-4528.62,3.14328,-0.0173476
-725.264,-4528.62,3.17017,-0.0182067
-725.199,-4528.62,3.1955,-0.0191566
-725.134,-4528.62,3.21955,-0.0200738
-725.068,-4528.62,3.24261,-0.0204412
-725.002,-4528.62,3.26502,-0.0207435
-724.935,-4528.62,3.28659,-0.0214184
-724.868,-4528.62,3.30704,-0.0220538
-724.8,-4528.62,3.32674,-0.0214526
-724.732,-4528.62,3.34661,-0.0203163
-724.663,-4528.62,3.36501,-0.0197617
-724.594,-4528.62,3.38302,-0.018556
-724.525,-4528.62,3.40152,-0.0156125
-724.455,-4528.62,3.42017,-0.0116561
-724.384,-4528.62,3.43987,-0.00777156
-724.313,-4528.62,3.45947,-0.0057112
-724.243,-4528.62,3.47819,-0.00767647
-724.172,-4528.62,3.49677,-0.0122555
-724.1,-4528.62,3.51492,-0.0169413
-724.028,-4528.62,3.53296,-0.0219574
-723.955,-4528.62,3.55188,-0.0265792
-723.882,-4528.62,3.56962,-0.030482
-723.809,-4528.62,3.58764,-0.0323857
-723.735,-4528.63,3.60509,-0.0324692
-723.661,-4528.63,3.62003,-0.0322161
-723.587,-4528.63,3.6351,-0.0318595
-723.513,-4528.63,3.65003,-0.0314988
-723.438,-4528.63,3.6633,-0.0315605
-723.364,-4528.63,3.6769,-0.0320546
-723.288,-4528.63,3.68905,-0.0332127
-723.213,-4528.63,3.69862,-0.0345341
-723.138,-4528.63,3.70912,-0.0351046
-723.062,-4528.63,3.71882,-0.0351289
-722.987,-4528.63,3.72769,-0.0348365
-722.911,-4528.63,3.73688,-0.034661
-722.835,-4528.63,3.74496,-0.0341238
-722.759,-4528.63,3.75158,-0.0335537
-722.682,-4528.63,3.75753,-0.0330909
-722.605,-4528.63,3.76309,-0.0321228
-722.529,-4528.64,3.76919,-0.0313953
-722.452,-4528.64,3.77597,-0.0310879
-722.375,-4528.64,3.78197,-0.0302958
-722.298,-4528.64,3.78933,-0.0289614
-722.221,-4528.64,3.79739,-0.0282397
-722.144,-4528.64,3.80472,-0.0285969
-722.066,-4528.64,3.81144,-0.0291748
-721.989,-4528.64,3.81761,-0.0293617
-721.911,-4528.64,3.82581,-0.0291999
-721.833,-4528.64,3.83545,-0.0286197
-721.755,-4528.64,3.84443,-0.0280538
-721.677,-4528.64,3.85287,-0.0277991
-721.599,-4528.64,3.86158,-0.0282984
-721.52,-4528.64,3.87013,-0.0294976
-721.442,-4528.64,3.87791,-0.0305938
-721.363,-4528.64,3.88549,-0.0323174
-721.284,-4528.65,3.89251,-0.0340769
-721.205,-4528.65,3.89954,-0.0354502
-721.126,-4528.65,3.90744,-0.0365072
-721.047,-4528.65,3.9145,-0.0362984
-720.968,-4528.65,3.92124,-0.036015
-720.888,-4528.65,3.92862,-0.0362553
-720.81,-4528.65,3.93534,-0.0363287
-720.731,-4528.65,3.94239,-0.0360149
-720.652,-4528.65,3.94879,-0.0354036
-720.573,-4528.65,3.95545,-0.0355758
-720.493,-4528.65,3.96275,-0.0363596
-720.412,-4528.65,3.9692,-0.0368292
-720.332,-4528.65,3.97517,-0.0376953
-720.251,-4528.65,3.98131,-0.037664
-720.17,-4528.66,3.98754,-0.0368889
-720.089,-4528.66,3.99409,-0.0365777
-720.008,-4528.66,4.00066,-0.0353314
-719.927,-4528.66,4.0063,-0.0340763
-719.845,-4528.66,4.01162,-0.0341307
-719.764,-4528.66,4.01657,-0.0337239
-719.682,-4528.66,4.02083,-0.0334752
-719.601,-4528.66,4.02432,-0.0337628
-719.519,-4528.66,4.02857,-0.0337081
-719.438,-4528.66,4.03173,-0.0346993
-719.356,-4528.66,4.03402,-0.036265
-719.274,-4528.66,4.03633,-0.037064
-719.193,-4528.67,4.03828,-0.0371381
-719.111,-4528.67,4.04043,-0.0368292
-719.029,-4528.67,4.04208,-0.0366783
-718.947,-4528.67,4.04238,-0.036017
-718.865,-4528.67,4.04214,-0.0354397
-718.783,-4528.67,4.04283,-0.0354787
-718.702,-4528.67,4.04378,-0.0361365
-718.62,-4528.67,4.04489,-0.0372568
-718.538,-4528.67,4.04586,-0.0394141
-718.456,-4528.67,4.04621,-0.0415685
-718.374,-4528.67,4.04527,-0.0427438
-718.293,-4528.68,4.04441,-0.0421735
-718.211,-4528.68,4.04411,-0.0403243
-718.129,-4528.68,4.04256,-0.0392588
-718.048,-4528.68,4.03946,-0.0373867
-717.966,-4528.68,4.0369,-0.0353227
-717.885,-4528.68,4.03439,-0.0347788
-717.803,-4528.68,4.03034,-0.0360158
-717.722,-4528.68,4.02572,-0.0376407
-717.641,-4528.68,4.02012,-0.0391809
-717.559,-4528.68,4.01415,-0.0411606
-717.478,-4528.68,4.00796,-0.0420264
-717.398,-4528.69,4.00098,-0.0401538
-717.317,-4528.69,3.99402,-0.0376239
-717.237,-4528.69,3.98578,-0.0362423
-717.156,-4528.69,3.97593,-0.0348868
-717.076,-4528.69,3.96724,-0.0324142
-716.996,-4528.69,3.95977,-0.0301927
-716.916,-4528.69,3.95015,-0.0300202
-716.837,-4528.69,3.93929,-0.0308076
-716.757,-4528.69,3.92804,-0.0319078
-716.678,-4528.69,3.91538,-0.033319
-716.599,-4528.69,3.90337,-0.0344525
-716.521,-4528.69,3.89188,-0.0355597
-716.442,-4528.7,3.87813,-0.037963
-716.364,-4528.7,3.86522,-0.0415865
-716.286,-4528.7,3.85304,-0.044198
-716.209,-4528.7,3.83864,-0.0455331
-716.132,-4528.7,3.82522,-0.0465439
-716.055,-4528.7,3.81306,-0.0470645
-715.978,-4528.7,3.7989,-0.047035
-715.901,-4528.7,3.78377,-0.0469896
-715.825,-4528.7,3.77,-0.0472832
-715.749,-4528.71,3.75554,-0.0472473
-715.674,-4528.71,3.74063,-0.0473438
-715.598,-4528.71,3.72629,-0.0483056
-715.523,-4528.71,3.71082,-0.0494025
-715.449,-4528.71,3.69477,-0.0499884
-715.374,-4528.71,3.67976,-0.0497711
-715.3,-4528.71,3.66558,-0.0487213
-715.227,-4528.71,3.65007,-0.0467912
-715.153,-4528.71,3.63196,-0.0448396
-715.08,-4528.72,3.61335,-0.0433789
-715.007,-4528.72,3.59575,-0.0414713
-714.935,-4528.72,3.57859,-0.0393692
-714.863,-4528.72,3.56266,-0.0379291
-714.791,-4528.72,3.54744,-0.0372126
-714.72,-4528.72,3.53197,-0.0371505
-714.649,-4528.72,3.51699,-0.0380074
-714.578,-4528.72,3.50406,-0.0390551
-714.507,-4528.72,3.48902,-0.0396831
-714.437,-4528.72,3.47322,-0.0407732
-714.368,-4528.73,3.46007,-0.0427703
-714.299,-4528.73,3.44704,-0.0439733
-714.23,-4528.73,3.43502,-0.0433828
-714.161,-4528.73,3.42468,-0.0421327
-714.093,-4528.73,3.41356,-0.0395425
-714.024,-4528.73,3.404,-0.037424
-713.956,-4528.73,3.39835,-0.0353609
-713.887,-4528.73,3.39219,-0.0319317
-713.819,-4528.73,3.38602,-0.028831
-713.75,-4528.73,3.38213,-0.0281991
-713.682,-4528.73,3.37792,-0.0293235
-713.614,-4528.74,3.37352,-0.0297501
-713.546,-4528.74,3.37041,-0.0295572
-713.478,-4528.74,3.36726,-0.0304643
-713.41,-4528.74,3.36393,-0.0314357
-713.343,-4528.74,3.36147,-0.0313209
-713.275,-4528.74,3.35906,-0.0304608
-713.208,-4528.74,3.35687,-0.0291363
-713.14,-4528.74,3.35502,-0.0277571
-713.073,-4528.74,3.35255,-0.0271704
-713.005,-4528.74,3.34966,-0.0277436
-712.938,-4528.75,3.34793,-0.0288869
-712.87,-4528.75,3.34683,-0.030886
-712.803,-4528.75,3.34471,-0.0334502
-712.736,-4528.75,3.34203,-0.0360247
-712.668,-4528.75,3.33984,-0.0376318
-712.601,-4528.75,3.33811,-0.0380328
-712.534,-4528.75,3.33733,-0.0380035
-712.467,-4528.75,3.33739,-0.0386767
-712.4,-4528.75,3.33761,-0.039377
-712.333,-4528.75,3.33887,-0.0383673
-712.266,-4528.76,3.3393,-0.0378243
-712.199,-4528.76,3.33957,-0.0382548
-712.131,-4528.76,3.3405,-0.0382945
-712.064,-4528.76,3.34244,-0.0375205
-711.997,-4528.76,3.34489,-0.0368178
-711.93,-4528.76,3.34687,-0.036609
-711.863,-4528.76,3.35007,-0.0369959
-711.795,-4528.76,3.35455,-0.0382964
-711.727,-4528.76,3.35902,-0.0401342
-711.66,-4528.77,3.36424,-0.0432015
-711.592,-4528.77,3.36861,-0.0465907
-711.524,-4528.77,3.37178,-0.0479637
-711.456,-4528.77,3.37718,-0.0487681
-711.388,-4528.77,3.38222,-0.0481394
-711.32,-4528.77,3.38521,-0.0443101
-711.252,-4528.77,3.3884,-0.040094
-711.184,-4528.77,3.39182,-0.0342469
-711.116,-4528.77,3.39387,-0.0262545
-711.047,-4528.77,3.39717,-0.0198861
-710.979,-4528.77,3.40128,-0.0173108
-710.911,-4528.78,3.40395,-0.0175612
-710.843,-4528.78,3.40643,-0.019712
-710.775,-4528.78,3.40953,-0.0234061
-710.706,-4528.78,3.41296,-0.0273901
-710.637,-4528.78,3.41627,-0.0308476
-710.569,-4528.78,3.41999,-0.0337698
-710.5,-4528.78,3.42404,-0.035879
-710.43,-4528.78,3.42765,-0.0357455
-710.361,-4528.78,3.4305,-0.0342111
-710.292,-4528.78,3.43337,-0.0329975
-710.223,-4528.78,3.43637,-0.0315627
-710.154,-4528.79,3.43859,-0.0306088
-710.084,-4528.79,3.44012,-0.0304223
-710.015,-4528.79,3.44116,-0.030835
-709.945,-4528.79,3.44216,-0.0315973
-709.876,-4528.79,3.44354,-0.0325634
-709.807,-4528.79,3.44508,-0.0335646
-709.737,-4528.79,3.44567,-0.034182
-709.668,-4528.79,3.44613,-0.033623
-709.598,-4528.79,3.44664,-0.0333475
-709.529,-4528.79,3.44741,-0.0327932
-709.459,-4528.79,3.44844,-0.0315014
-709.39,-4528.8,3.44952,-0.0312774
-709.32,-4528.8,3.45039,-0.0320987
-709.251,-4528.8,3.45126,-0.0323377
-709.181,-4528.8,3.45275,-0.032169
-709.112,-4528.8,3.45357,-0.0323507
-709.042,-4528.8,3.45437,-0.0328635
-708.972,-4528.8,3.45605,-0.033828
-708.903,-4528.8,3.45827,-0.0337354
-708.834,-4528.8,3.45982,-0.0320122
-708.764,-4528.8,3.46243,-0.0298385
-708.695,-4528.8,3.46656,-0.0282059
-708.626,-4528.8,3.47196,-0.0267971
-708.556,-4528.8,3.47879,-0.0263038
-708.486,-4528.8,3.48692,-0.0261776
-708.416,-4528.81,3.49634,-0.025767
-708.345,-4528.81,3.50565,-0.0268921
-708.274,-4528.81,3.51477,-0.0288865
-708.203,-4528.81,3.52474,-0.0310298
-708.132,-4528.81,3.53535,-0.0323233
-708.061,-4528.81,3.54738,-0.0323116
-707.989,-4528.81,3.56097,-0.0325895
-707.917,-4528.81,3.57461,-0.0334594
-707.845,-4528.81,3.58873,-0.0327751
-707.772,-4528.81,3.60429,-0.0319724
-707.699,-4528.81,3.6207,-0.0318513
-707.626,-4528.81,3.63791,-0.0318649
-707.552,-4528.82,3.65626,-0.0324896
-707.478,-4528.82,3.67534,-0.0334458
-707.404,-4528.82,3.69397,-0.0346539
-707.329,-4528.82,3.71373,-0.0360452
-707.254,-4528.82,3.73479,-0.0375474
-707.179,-4528.82,3.75489,-0.0383872
-707.103,-4528.82,3.77464,-0.0397964
-707.027,-4528.82,3.79506,-0.0411653
-706.95,-4528.82,3.81371,-0.0424688
-706.873,-4528.82,3.83241,-0.0444443
-706.796,-4528.82,3.85275,-0.0455912
-706.718,-4528.83,3.87163,-0.0457138
-706.64,-4528.83,3.8887,-0.0461218
-706.562,-4528.83,3.90375,-0.0464029
-706.483,-4528.83,3.91742,-0.046288
-706.404,-4528.83,3.9311,-0.0466846
-706.324,-4528.83,3.94541,-0.0465745
-706.245,-4528.83,3.9584,-0.0459518
-706.165,-4528.83,3.97014,-0.0459239
-706.084,-4528.83,3.98193,-0.0457572
-706.004,-4528.83,3.99407,-0.045053
-705.923,-4528.83,4.00529,-0.0445365
-705.842,-4528.84,4.0146,-0.0449911
-705.761,-4528.84,4.02314,-0.0450206
-705.68,-4528.84,4.03251,-0.0438991
-705.598,-4528.84,4.04141,-0.0435858
-705.517,-4528.84,4.0489,-0.0438263
-705.435,-4528.84,4.05636,-0.0430384
-705.353,-4528.84,4.06347,-0.0419552
-705.271,-4528.84,4.0703,-0.0413661
-705.189,-4528.84,4.07695,-0.040641
-705.106,-4528.84,4.08369,-0.0394867
-705.024,-4528.84,4.0907,-0.0387616
-704.941,-4528.85,4.09784,-0.0388193
-704.859,-4528.85,4.10517,-0.0382607
-704.776,-4528.85,4.1125,-0.0382172
-704.693,-4528.85,4.12052,-0.0390181
-704.61,-4528.85,4.12924,-0.0397521
-704.527,-4528.85,4.13766,-0.0410599
-704.443,-4528.85,4.14475,-0.0426708
-704.36,-4528.85,4.1516,-0.0448849
-704.276,-4528.85,4.15937,-0.0474969
-704.192,-4528.85,4.16755,-0.0494532
-704.108,-4528.85,4.17522,-0.0506383
-704.024,-4528.86,4.18259,-0.0503709
-703.94,-4528.86,4.1901,-0.0495638
-703.856,-4528.86,4.1982,-0.0495071
-703.771,-4528.86,4.20665,-0.0489699
-703.686,-4528.86,4.21387,-0.0494448
-703.602,-4528.86,4.21987,-0.0508681
-703.517,-4528.86,4.22523,-0.0520987
-703.431,-4528.86,4.23154,-0.0525454
-703.346,-4528.86,4.23847,-0.0527621
-703.261,-4528.87,4.24482,-0.0512575
-703.175,-4528.87,4.25084,-0.0482892
-703.09,-4528.87,4.25712,-0.0471704
-703.004,-4528.87,4.26402,-0.0459719
-702.918,-4528.87,4.2711,-0.0442454
-702.832,-4528.87,4.2778,-0.0428996
-702.746,-4528.87,4.28417,-0.0419839
-702.659,-4528.87,4.29057,-0.0420839
-702.573,-4528.87,4.29558,-0.0431724
-702.488,-4528.87,4.29948,-0.044493
-702.402,-4528.87,4.3026,-0.0445799
-702.315,-4528.87,4.30534,-0.0441545
-702.229,-4528.88,4.30825,-0.043942
-702.143,-4528.88,4.31038,-0.0439777
-702.056,-4528.88,4.31163,-0.0451793
-701.969,-4528.88,4.31339,-0.046865
-701.882,-4528.88,4.31615,-0.0489893
-701.796,-4528.88,4.31575,-0.0514569
-701.709,-4528.88,4.31359,-0.0543196
-701.622,-4528.88,4.31676,-0.0559498
-701.535,-4528.88,4.32177,-0.0566221
-701.447,-4528.89,4.32436,-0.057117
-701.36,-4528.89,4.32746,-0.056801
-701.273,-4528.89,4.33235,-0.0553101
-701.185,-4528.89,4.33512,-0.0531654
-701.098,-4528.89,4.33723,-0.0526344
-701.01,-4528.89,4.3434,-0.0528537
-700.923,-4528.89,4.34918,-0.0524422
-700.835,-4528.89,4.35398,-0.0535767
-700.747,-4528.9,4.35899,-0.0556827
-700.66,-4528.9,4.36515,-0.0566302
-700.572,-4528.9,4.3725,-0.0566896
-700.484,-4528.9,4.37849,-0.0555068
-700.395,-4528.9,4.38515,-0.0530006
-700.307,-4528.9,4.393,-0.0510543
-700.219,-4528.9,4.40009,-0.0507371
-700.13,-4528.9,4.40705,-0.0512872
-700.041,-4528.91,4.4165,-0.0516704
