-100.114,-1184.12,-8.1854,0.116685
-100.277,-1184.12,-8.19334,0.117107
-100.441,-1184.12,-8.19993,0.117892
-100.604,-1184.11,-8.20668,0.119063
-100.768,-1184.11,-8.214,0.11991
-100.932,-1184.11,-8.22125,0.119622
-101.096,-1184.11,-8.22919,0.118632
-101.26,-1184.11,-8.23808,0.117429
-101.425,-1184.1,-8.24506,0.116998
-101.589,-1184.1,-8.25382,0.116425
-101.754,-1184.1,-8.26344,0.116066
-101.919,-1184.1,-8.27027,0.116079
-102.084,-1184.1,-8.27804,0.115855
-102.249,-1184.09,-8.28681,0.116106
-102.415,-1184.09,-8.29585,0.114816
-102.581,-1184.09,-8.30428,0.1142
-102.746,-1184.09,-8.31236,0.114005
-102.912,-1184.09,-8.32074,0.113226
-103.078,-1184.08,-8.32774,0.114375
-103.245,-1184.08,-8.33504,0.114784
-103.411,-1184.08,-8.34261,0.114861
-103.578,-1184.08,-8.35045,0.1153
-103.745,-1184.08,-8.35837,0.114931
-103.912,-1184.07,-8.3648,0.115133
-104.078,-1184.07,-8.37032,0.116167
-104.245,-1184.07,-8.37745,0.11714
-104.412,-1184.07,-8.38613,0.118935
-104.58,-1184.07,-8.39354,0.119017
-104.747,-1184.06,-8.40072,0.118237
-104.915,-1184.06,-8.40962,0.117442
-105.083,-1184.06,-8.41797,0.116566
-105.251,-1184.06,-8.42679,0.117024
-105.419,-1184.05,-8.43608,0.11555
-105.588,-1184.05,-8.44571,0.114541
-105.756,-1184.05,-8.45521,0.114522
-105.925,-1184.05,-8.46461,0.113173
-106.094,-1184.05,-8.4748,0.112318
-106.263,-1184.04,-8.48499,0.113046
-106.432,-1184.04,-8.49586,0.114191
-106.602,-1184.04,-8.50749,0.114022
-106.772,-1184.04,-8.51938,0.113504
-106.942,-1184.04,-8.53134,0.11441
-107.112,-1184.03,-8.54329,0.116193
-107.283,-1184.03,-8.55501,0.117613
-107.453,-1184.03,-8.56618,0.11872
-107.624,-1184.03,-8.57827,0.120193
-107.795,-1184.03,-8.59107,0.123127
-107.967,-1184.02,-8.60195,0.12705
-108.138,-1184.02,-8.61168,0.130712
-108.31,-1184.02,-8.62408,0.131777
-108.482,-1184.02,-8.63719,0.130525
-108.655,-1184.01,-8.64977,0.131115
-108.828,-1184.01,-8.66238,0.132501
-109.001,-1184.01,-8.6753,0.130982
-109.174,-1184.01,-8.68953,0.127251
-109.347,-1184.01,-8.70183,0.124858
-109.521,-1184,-8.71344,0.124552
-109.695,-1184,-8.72692,0.124984
-109.869,-1184,-8.74022,0.124795
-110.044,-1184,-8.75214,0.127085
-110.219,-1183.99,-8.76253,0.131029
-110.394,-1183.99,-8.77525,0.132843
-110.569,-1183.99,-8.78924,0.135201
-110.745,-1183.99,-8.80052,0.137759
-110.921,-1183.98,-8.8116,0.140299
-111.096,-1183.98,-8.82605,0.141536
-111.272,-1183.98,-8.83936,0.139738
-111.449,-1183.97,-8.84883,0.137939
-111.625,-1183.97,-8.85893,0.136307
-111.802,-1183.97,-8.87052,0.135309
-111.979,-1183.97,-8.88189,0.135854
-112.156,-1183.96,-8.8925,0.137507
-112.334,-1183.96,-8.90426,0.138266
-112.511,-1183.96,-8.91729,0.140057
-112.689,-1183.96,-8.92883,0.142533
-112.867,-1183.95,-8.93821,0.14354
-113.046,-1183.95,-8.9486,0.143791
-113.224,-1183.95,-8.96011,0.144181
-113.403,-1183.95,-8.96999,0.145342
-113.582,-1183.94,-8.98065,0.146545
-113.761,-1183.94,-8.99305,0.146458
-113.941,-1183.94,-9.00523,0.145717
-114.12,-1183.94,-9.01691,0.145103
-114.3,-1183.93,-9.02794,0.145696
-114.48,-1183.93,-9.03907,0.14687
-114.661,-1183.93,-9.04917,0.147165
-114.841,-1183.93,-9.05902,0.148613
-115.022,-1183.92,-9.06883,0.150362
-115.203,-1183.92,-9.07723,0.149547
-115.384,-1183.92,-9.08747,0.148765
-115.565,-1183.91,-9.09696,0.149342
-115.747,-1183.91,-9.10619,0.149926
-115.929,-1183.91,-9.11703,0.150287
-116.111,-1183.91,-9.12706,0.150168
-116.293,-1183.9,-9.13556,0.150027
-116.475,-1183.9,-9.14445,0.150585
-116.658,-1183.9,-9.15495,0.151486
-116.84,-1183.89,-9.16551,0.153767
-117.023,-1183.89,-9.17447,0.155347
-117.206,-1183.89,-9.18309,0.155635
-117.39,-1183.89,-9.19427,0.157474
-117.573,-1183.88,-9.20523,0.15707
-117.757,-1183.88,-9.21514,0.155404
-117.941,-1183.88,-9.22656,0.156525
-118.125,-1183.88,-9.23553,0.157009
-118.309,-1183.87,-9.24338,0.154861
-118.494,-1183.87,-9.25298,0.152701
-118.678,-1183.87,-9.26129,0.152294
-118.863,-1183.86,-9.26869,0.152745
-119.048,-1183.86,-9.27654,0.154395
-119.233,-1183.86,-9.2857,0.157046
-119.418,-1183.86,-9.29575,0.159226
-119.603,-1183.85,-9.30634,0.160683
-119.789,-1183.85,-9.31587,0.161239
-119.975,-1183.85,-9.32516,0.158725
-120.161,-1183.85,-9.33572,0.154989
-120.347,-1183.84,-9.34524,0.154434
-120.534,-1183.84,-9.35389,0.154287
-120.72,-1183.84,-9.36342,0.153699
-120.907,-1183.84,-9.37337,0.152109
-121.094,-1183.83,-9.38521,0.147653
-121.281,-1183.83,-9.39522,0.145796
-121.469,-1183.83,-9.40534,0.146843
-121.657,-1183.82,-9.41813,0.147152
-121.844,-1183.82,-9.42779,0.148552
-122.032,-1183.82,-9.43801,0.151201
-122.221,-1183.82,-9.45027,0.154665
-122.409,-1183.81,-9.45946,0.156901
-122.597,-1183.81,-9.46901,0.156717
-122.785,-1183.81,-9.48014,0.153599
-122.974,-1183.81,-9.49039,0.151336
-123.163,-1183.8,-9.49923,0.150019
-123.352,-1183.8,-9.50975,0.148099
-123.541,-1183.8,-9.51854,0.147127
-123.731,-1183.8,-9.52552,0.147163
-123.921,-1183.8,-9.5345,0.148485
-124.111,-1183.79,-9.54066,0.148785
-124.301,-1183.79,-9.54557,0.14918
-124.491,-1183.79,-9.5527,0.149776
-124.681,-1183.79,-9.55756,0.148545
-124.872,-1183.78,-9.56318,0.148294
-125.062,-1183.78,-9.56829,0.148024
-125.254,-1183.78,-9.57338,0.148614
-125.445,-1183.78,-9.58058,0.149589
-125.637,-1183.77,-9.58442,0.149177
-125.829,-1183.77,-9.58886,0.148
-126.02,-1183.77,-9.5935,0.144427
-126.211,-1183.76,-9.59759,0.140413
-126.402,-1183.76,-9.6022,0.137154
-126.594,-1183.76,-9.60465,0.133902
-126.785,-1183.76,-9.60804,0.132808
-126.977,-1183.76,-9.61107,0.131368
-127.169,-1183.75,-9.61121,0.130453
-127.36,-1183.75,-9.61317,0.131952
-127.552,-1183.75,-9.61686,0.134861
-127.744,-1183.75,-9.61959,0.136328
-127.935,-1183.74,-9.62094,0.137098
-128.127,-1183.74,-9.62329,0.137031
-128.319,-1183.74,-9.62822,0.135576
-128.511,-1183.74,-9.63143,0.131874
-128.703,-1183.74,-9.63406,0.126572
-128.895,-1183.73,-9.63738,0.122909
-129.088,-1183.73,-9.63981,0.117754
-129.28,-1183.73,-9.6436,0.113107
-129.472,-1183.73,-9.64824,0.109735
-129.665,-1183.73,-9.65123,0.107573
-129.857,-1183.72,-9.65356,0.107415
-130.05,-1183.72,-9.65604,0.108286
-130.242,-1183.72,-9.65886,0.110957
-130.435,-1183.72,-9.66267,0.112844
-130.628,-1183.71,-9.66706,0.112378
-130.821,-1183.71,-9.66991,0.11179
-131.014,-1183.71,-9.67361,0.111786
-131.207,-1183.71,-9.67854,0.110937
-131.4,-1183.71,-9.68346,0.110343
-131.593,-1183.7,-9.6884,0.111022
-131.787,-1183.7,-9.69226,0.110908
-131.98,-1183.7,-9.69514,0.111149
-132.173,-1183.7,-9.69961,0.111405
-132.367,-1183.7,-9.70403,0.110443
-132.56,-1183.69,-9.70648,0.108946
-132.754,-1183.69,-9.7076,0.105401
-132.948,-1183.69,-9.7071,0.102317
-133.141,-1183.69,-9.70665,0.0984517
-133.335,-1183.69,-9.70689,0.0935729
-133.529,-1183.69,-9.70837,0.0907919
-133.722,-1183.68,-9.7091,0.0879768
-133.916,-1183.68,-9.70914,0.0851759
-134.109,-1183.68,-9.70879,0.0832235
-134.303,-1183.68,-9.70804,0.0828427
-134.497,-1183.68,-9.70898,0.0816712
-134.69,-1183.68,-9.70964,0.0791441
-134.884,-1183.68,-9.70785,0.0780248
-135.077,-1183.67,-9.70543,0.0758785
-135.271,-1183.67,-9.70359,0.0734336
-135.464,-1183.67,-9.70255,0.070112
-135.658,-1183.67,-9.70031,0.0639407
-135.851,-1183.67,-9.69745,0.0582323
-136.044,-1183.67,-9.69517,0.0547879
-136.238,-1183.67,-9.69157,0.0519091
-136.431,-1183.67,-9.68839,0.0482079
-136.624,-1183.67,-9.68475,0.043783
-136.817,-1183.67,-9.68004,0.0382121
-137.01,-1183.67,-9.67651,0.0336283
-137.203,-1183.67,-9.67189,0.0297157
-137.396,-1183.66,-9.66584,0.0249643
-137.588,-1183.66,-9.66017,0.0211825
-137.78,-1183.66,-9.6542,0.0159999
-137.973,-1183.66,-9.647,0.0103459
-138.165,-1183.66,-9.63987,0.00501351
-138.357,-1183.66,-9.63247,0.000732493
-138.549,-1183.66,-9.6234,-0.00344575
-138.74,-1183.67,-9.61305,-0.00908284
-138.932,-1183.67,-9.60186,-0.0144428
-139.123,-1183.67,-9.59109,-0.0219941
-139.314,-1183.67,-9.57981,-0.0296498
-139.505,-1183.67,-9.56772,-0.0363248
-139.695,-1183.67,-9.55215,-0.0421083
-139.885,-1183.67,-9.53493,-0.0474271
-140.075,-1183.67,-9.51897,-0.0532439
-140.264,-1183.67,-9.50141,-0.0577655
-140.453,-1183.67,-9.48171,-0.0621481
-140.642,-1183.67,-9.46189,-0.0665055
-140.831,-1183.68,-9.43975,-0.0695679
-141.019,-1183.68,-9.41482,-0.0740156
-141.207,-1183.68,-9.39128,-0.078854
-141.393,-1183.68,-9.36588,-0.084428
-141.579,-1183.68,-9.33807,-0.091259
-141.765,-1183.68,-9.30781,-0.0973187
-141.949,-1183.69,-9.27529,-0.102717
-142.133,-1183.69,-9.24142,-0.108347
-142.317,-1183.69,-9.20772,-0.11551
-142.499,-1183.69,-9.17524,-0.121586
-142.681,-1183.7,-9.14104,-0.126727
-142.863,-1183.7,-9.10513,-0.132248
-143.043,-1183.7,-9.07131,-0.137944
-143.223,-1183.7,-9.03966,-0.144788
-143.402,-1183.71,-9.00741,-0.150578
-143.581,-1183.71,-8.97523,-0.156936
-143.759,-1183.71,-8.94411,-0.163627
-143.936,-1183.72,-8.91102,-0.169017
-144.113,-1183.72,-8.87683,-0.175222
-144.289,-1183.72,-8.84195,-0.180718
-144.465,-1183.73,-8.80358,-0.184258
-144.639,-1183.73,-8.76339,-0.189129
-144.812,-1183.73,-8.72447,-0.193411
-144.985,-1183.74,-8.68565,-0.197578
-145.157,-1183.74,-8.64856,-0.205022
-145.328,-1183.75,-8.61329,-0.21189
-145.498,-1183.75,-8.57794,-0.219278
-145.668,-1183.75,-8.53991,-0.227389
-145.837,-1183.76,-8.50358,-0.234126
-146.006,-1183.76,-8.47058,-0.241308
-146.173,-1183.77,-8.43427,-0.249659
-146.34,-1183.77,-8.39705,-0.253512
-146.506,-1183.78,-8.36281,-0.253193
-146.671,-1183.78,-8.32864,-0.253051
-146.836,-1183.79,-8.29541,-0.253351
-147,-1183.79,-8.26291,-0.254472
-147.163,-1183.8,-8.22882,-0.258573
-147.326,-1183.8,-8.19436,-0.267082
-147.488,-1183.81,-8.15912,-0.278201
-147.649,-1183.81,-8.12246,-0.292241
-147.81,-1183.82,-8.08448,-0.306625
-147.969,-1183.83,-8.04557,-0.317925
-148.128,-1183.83,-8.00587,-0.324894
-148.286,-1183.84,-7.96778,-0.328266
-148.443,-1183.84,-7.92926,-0.331103
-148.6,-1183.85,-7.88899,-0.333977
-148.756,-1183.86,-7.85086,-0.335252
-148.911,-1183.86,-7.81334,-0.336825
-149.065,-1183.87,-7.77523,-0.337251
-149.219,-1183.87,-7.73641,-0.339537
-149.372,-1183.88,-7.69586,-0.340888
-149.524,-1183.89,-7.65707,-0.339196
-149.675,-1183.89,-7.61887,-0.340754
-149.826,-1183.9,-7.5818,-0.346308
-149.975,-1183.91,-7.54541,-0.357124
-150.124,-1183.91,-7.5069,-0.370721
-150.272,-1183.92,-7.46944,-0.386233
-150.42,-1183.93,-7.43398,-0.398396
-150.567,-1183.94,-7.40076,-0.40673
-150.713,-1183.94,-7.36749,-0.414196
-150.859,-1183.95,-7.33378,-0.418057
-151.004,-1183.96,-7.30074,-0.419054
-151.147,-1183.97,-7.26478,-0.419037
-151.292,-1183.98,-7.23069,-0.419289
-151.434,-1183.98,-7.1962,-0.418333
-151.576,-1183.99,-7.16606,-0.420237
-151.717,-1184,-7.13987,-0.424105
-151.858,-1184.01,-7.11384,-0.429517
-151.998,-1184.01,-7.08872,-0.435137
-152.138,-1184.02,-7.06597,-0.440672
-152.277,-1184.03,-7.04366,-0.445589
-152.416,-1184.04,-7.02044,-0.449264
-152.554,-1184.05,-6.9963,-0.453258
-152.691,-1184.05,-6.97312,-0.456377
-152.829,-1184.06,-6.95194,-0.457004
-152.966,-1184.07,-6.93129,-0.457997
-153.102,-1184.08,-6.91042,-0.459833
-153.239,-1184.09,-6.88919,-0.46132
-153.374,-1184.09,-6.86776,-0.463851
-153.51,-1184.1,-6.84621,-0.46822
-153.645,-1184.11,-6.82516,-0.472242
-153.779,-1184.12,-6.80335,-0.476258
-153.915,-1184.13,-6.78239,-0.481677
-154.051,-1184.14,-6.76138,-0.486471
-154.186,-1184.15,-6.73973,-0.491905
-154.32,-1184.16,-6.72078,-0.49808
-154.455,-1184.17,-6.70438,-0.503621
-154.586,-1184.18,-6.6845,-0.507793
-154.718,-1184.19,-6.66526,-0.511337
-154.849,-1184.2,-6.64692,-0.514414
-154.98,-1184.21,-6.62783,-0.51666
-155.11,-1184.22,-6.60797,-0.519737
-155.24,-1184.23,-6.58638,-0.523308
-155.37,-1184.23,-6.56435,-0.524636
-155.499,-1184.24,-6.54355,-0.527027
-155.628,-1184.25,-6.52331,-0.530428
-155.757,-1184.26,-6.50439,-0.532898
-155.885,-1184.27,-6.48552,-0.535403
-156.013,-1184.28,-6.46698,-0.537546
-156.141,-1184.29,-6.44942,-0.538949
-156.268,-1184.3,-6.43074,-0.540391
-156.395,-1184.31,-6.40972,-0.543126
-156.522,-1184.32,-6.38756,-0.546635
-156.648,-1184.33,-6.3658,-0.550064
-156.774,-1184.34,-6.34389,-0.554809
-156.899,-1184.35,-6.32074,-0.557988
-157.024,-1184.36,-6.29692,-0.560648
-157.149,-1184.37,-6.27252,-0.563186
-157.273,-1184.38,-6.24671,-0.566035
-157.396,-1184.39,-6.22043,-0.56896
-157.519,-1184.4,-6.19461,-0.569871
-157.642,-1184.41,-6.16863,-0.571257
-157.764,-1184.42,-6.14312,-0.572069
-157.885,-1184.44,-6.12019,-0.571393
-158.006,-1184.45,-6.09736,-0.572762
-158.127,-1184.46,-6.07195,-0.575816
-158.247,-1184.47,-6.04545,-0.578792
-158.367,-1184.48,-6.02015,-0.582593
-158.486,-1184.49,-5.99387,-0.586359
-158.604,-1184.5,-5.9652,-0.588019
-158.722,-1184.51,-5.9382,-0.588655
-158.84,-1184.52,-5.9116,-0.589692
-158.957,-1184.53,-5.88492,-0.589752
-159.073,-1184.54,-5.85698,-0.589625
-159.189,-1184.55,-5.82844,-0.588778
-159.304,-1184.56,-5.80103,-0.588551
-159.419,-1184.57,-5.77257,-0.588555
-159.533,-1184.59,-5.74469,-0.586692
-159.647,-1184.6,-5.7166,-0.583466
-159.76,-1184.61,-5.68613,-0.579108
-159.873,-1184.62,-5.65788,-0.574512
-159.985,-1184.63,-5.63177,-0.571782
-160.096,-1184.64,-5.60315,-0.57007
-160.207,-1184.65,-5.57385,-0.567733
-160.317,-1184.66,-5.54628,-0.564599
-160.426,-1184.67,-5.51929,-0.562248
-160.535,-1184.68,-5.49154,-0.559793
-160.644,-1184.69,-5.46247,-0.556416
-160.752,-1184.7,-5.43294,-0.552515
-160.859,-1184.71,-5.40484,-0.548273
-160.966,-1184.72,-5.37686,-0.545543
-161.072,-1184.73,-5.3472,-0.543506
-161.178,-1184.74,-5.31793,-0.540228
-161.283,-1184.75,-5.29128,-0.537272
-161.388,-1184.76,-5.26354,-0.534016
-161.492,-1184.77,-5.23387,-0.528715
-161.595,-1184.78,-5.20632,-0.524028
-161.698,-1184.79,-5.18041,-0.519163
-161.8,-1184.8,-5.15383,-0.514482
-161.902,-1184.81,-5.12643,-0.511286
-162.004,-1184.81,-5.09909,-0.507752
-162.105,-1184.82,-5.07233,-0.504778
-162.205,-1184.83,-5.04426,-0.501799
-162.304,-1184.84,-5.01663,-0.497513
-162.403,-1184.85,-4.98845,-0.492949
-162.502,-1184.86,-4.96037,-0.488992
-162.6,-1184.87,-4.93398,-0.485324
-162.697,-1184.88,-4.90711,-0.4812
-162.795,-1184.89,-4.88002,-0.47628
-162.891,-1184.89,-4.8533,-0.471007
-162.987,-1184.9,-4.82632,-0.46495
-163.082,-1184.91,-4.79942,-0.45871
-163.177,-1184.92,-4.77281,-0.45307
-163.272,-1184.93,-4.74674,-0.448612
-163.367,-1184.94,-4.72109,-0.446794
-163.461,-1184.95,-4.69553,-0.44572
-163.555,-1184.95,-4.66999,-0.443995
-163.647,-1184.96,-4.64395,-0.441294
-163.738,-1184.97,-4.61821,-0.437117
-163.829,-1184.98,-4.5932,-0.432283
-163.92,-1184.98,-4.57082,-0.427585
-164.01,-1184.99,-4.55058,-0.42248
-164.1,-1185,-4.53035,-0.418192
-164.189,-1185.01,-4.50956,-0.414738
-164.278,-1185.01,-4.48817,-0.411556
-164.367,-1185.02,-4.46616,-0.408247
-164.455,-1185.03,-4.44468,-0.404605
-164.543,-1185.03,-4.42387,-0.400124
-164.63,-1185.04,-4.40181,-0.396069
-164.717,-1185.05,-4.3801,-0.391411
-164.804,-1185.05,-4.35923,-0.386995
-164.89,-1185.06,-4.33752,-0.384375
-164.975,-1185.07,-4.31591,-0.381054
-165.06,-1185.07,-4.29453,-0.378157
-165.145,-1185.08,-4.27307,-0.37527
-165.23,-1185.09,-4.25197,-0.371883
-165.314,-1185.09,-4.23022,-0.368197
-165.397,-1185.1,-4.2091,-0.364569
-165.48,-1185.1,-4.1877,-0.361522
-165.563,-1185.11,-4.16576,-0.358498
-165.645,-1185.12,-4.14317,-0.356164
-165.727,-1185.12,-4.1197,-0.353787
-165.808,-1185.13,-4.09747,-0.351377
-165.889,-1185.13,-4.0762,-0.349159
-165.97,-1185.14,-4.0535,-0.346095
-166.05,-1185.15,-4.03159,-0.34327
-166.129,-1185.15,-4.01204,-0.340774
-166.209,-1185.16,-3.99306,-0.338419
-166.287,-1185.16,-3.97536,-0.336809
-166.366,-1185.17,-3.95995,-0.334501
-166.444,-1185.18,-3.94607,-0.332202
-166.522,-1185.18,-3.933,-0.330713
-166.6,-1185.19,-3.91942,-0.328796
-166.677,-1185.19,-3.90567,-0.327144
-166.754,-1185.2,-3.89235,-0.325821
-166.831,-1185.2,-3.87812,-0.324077
-166.908,-1185.21,-3.86395,-0.322388
-166.984,-1185.21,-3.85029,-0.32052
-167.06,-1185.22,-3.83662,-0.318358
-167.136,-1185.23,-3.82366,-0.315944
-167.211,-1185.23,-3.81032,-0.314446
-167.287,-1185.24,-3.79632,-0.311429
-167.361,-1185.24,-3.78192,-0.307624
-167.436,-1185.25,-3.76783,-0.305198
-167.51,-1185.25,-3.75404,-0.303482
-167.584,-1185.26,-3.73871,-0.301887
-167.658,-1185.26,-3.7231,-0.300934
-167.731,-1185.27,-3.7083,-0.300437
-167.805,-1185.27,-3.69261,-0.298934
-167.877,-1185.28,-3.67634,-0.297868
-167.95,-1185.28,-3.66143,-0.295759
-168.022,-1185.29,-3.64565,-0.292882
-168.094,-1185.29,-3.62683,-0.291312
-168.166,-1185.3,-3.60923,-0.28901
-168.237,-1185.31,-3.59208,-0.28593
-168.309,-1185.31,-3.57341,-0.283229
-168.379,-1185.31,-3.55588,-0.281214
-168.45,-1185.32,-3.53753,-0.28017
-168.52,-1185.32,-3.51976,-0.278879
-168.589,-1185.33,-3.50255,-0.27561
-168.659,-1185.33,-3.48438,-0.272794
-168.728,-1185.34,-3.46766,-0.270224
-168.796,-1185.34,-3.45033,-0.26754
-168.864,-1185.35,-3.43144,-0.265639
-168.932,-1185.35,-3.41275,-0.264782
-169,-1185.36,-3.39455,-0.264439
-169.067,-1185.36,-3.37617,-0.262959
-169.133,-1185.37,-3.35702,-0.261275
-169.2,-1185.37,-3.33739,-0.25937
-169.266,-1185.38,-3.31736,-0.256831
-169.331,-1185.38,-3.29866,-0.254436
-169.397,-1185.39,-3.28004,-0.251992
-169.461,-1185.39,-3.26004,-0.249138
-169.526,-1185.4,-3.24103,-0.247462
-169.591,-1185.4,-3.22271,-0.245833
-169.655,-1185.41,-3.20524,-0.244432
-169.719,-1185.41,-3.18753,-0.244564
-169.783,-1185.41,-3.1691,-0.244336
-169.845,-1185.42,-3.14994,-0.243068
-169.907,-1185.42,-3.13156,-0.242647
-169.969,-1185.43,-3.11363,-0.24223
-170.03,-1185.43,-3.0948,-0.241656
-170.091,-1185.44,-3.07538,-0.240559
-170.151,-1185.44,-3.05656,-0.23957
-170.211,-1185.44,-3.03818,-0.238597
-170.271,-1185.45,-3.01958,-0.237328
-170.33,-1185.45,-3.00109,-0.235444
-170.389,-1185.46,-2.9818,-0.233329
-170.447,-1185.46,-2.96203,-0.230726
-170.505,-1185.46,-2.94387,-0.227144
-170.563,-1185.47,-2.92571,-0.22434
-170.621,-1185.47,-2.90687,-0.221546
-170.678,-1185.47,-2.88901,-0.218984
-170.734,-1185.48,-2.872,-0.215776
-170.791,-1185.48,-2.85467,-0.211868
-170.847,-1185.48,-2.83742,-0.208906
-170.902,-1185.49,-2.82067,-0.206969
-170.958,-1185.49,-2.80465,-0.205476
-171.013,-1185.49,-2.78993,-0.203808
-171.068,-1185.5,-2.77536,-0.202382
-171.122,-1185.5,-2.76045,-0.201036
-171.176,-1185.51,-2.74652,-0.199879
-171.23,-1185.51,-2.73297,-0.198601
-171.284,-1185.51,-2.71876,-0.19601
-171.337,-1185.52,-2.70427,-0.193292
-171.39,-1185.52,-2.68983,-0.191783
-171.443,-1185.52,-2.67483,-0.190709
-171.496,-1185.53,-2.66019,-0.189837
-171.548,-1185.53,-2.64641,-0.18877
-171.6,-1185.53,-2.63164,-0.188282
-171.652,-1185.54,-2.61534,-0.187796
-171.703,-1185.54,-2.59917,-0.18616
-171.754,-1185.54,-2.58391,-0.183461
-171.805,-1185.55,-2.56818,-0.180535
-171.855,-1185.55,-2.5531,-0.178011
-171.906,-1185.55,-2.5396,-0.176054
-171.956,-1185.55,-2.52606,-0.17499
-172.005,-1185.56,-2.51191,-0.173345
-172.055,-1185.56,-2.49762,-0.171344
-172.104,-1185.56,-2.48365,-0.169211
-172.153,-1185.57,-2.47033,-0.166703
-172.202,-1185.57,-2.4572,-0.165199
-172.25,-1185.57,-2.44338,-0.163613
-172.298,-1185.57,-2.42913,-0.162274
-172.345,-1185.58,-2.4151,-0.16147
-172.393,-1185.58,-2.4016,-0.16145
-172.44,-1185.58,-2.38859,-0.162269
-172.487,-1185.59,-2.3754,-0.161964
-172.533,-1185.59,-2.36155,-0.161139
-172.58,-1185.59,-2.34771,-0.159754
-172.626,-1185.59,-2.33352,-0.157361
-172.672,-1185.6,-2.3193,-0.15499
-172.717,-1185.6,-2.30535,-0.153044
-172.763,-1185.6,-2.2913,-0.15141
-172.808,-1185.6,-2.27825,-0.150872
-172.852,-1185.61,-2.26466,-0.151177
-172.897,-1185.61,-2.25075,-0.150475
-172.941,-1185.61,-2.23703,-0.14951
-172.985,-1185.61,-2.2226,-0.147699
-173.029,-1185.62,-2.20919,-0.145207
-173.072,-1185.62,-2.19657,-0.143774
-173.115,-1185.62,-2.18327,-0.14268
-173.158,-1185.62,-2.16933,-0.141778
-173.2,-1185.63,-2.15515,-0.141739
-173.243,-1185.63,-2.1408,-0.141771
-173.285,-1185.63,-2.12651,-0.142136
-173.326,-1185.63,-2.11311,-0.142419
-173.368,-1185.64,-2.09886,-0.141559
-173.409,-1185.64,-2.08442,-0.139166
-173.45,-1185.64,-2.0706,-0.136156
-173.49,-1185.64,-2.05681,-0.132795
-173.531,-1185.65,-2.04335,-0.129365
-173.571,-1185.65,-2.03007,-0.1265
-173.611,-1185.65,-2.01683,-0.123735
-173.651,-1185.65,-2.004,-0.122312
-173.691,-1185.66,-1.99106,-0.122003
-173.731,-1185.66,-1.97832,-0.121815
-173.77,-1185.66,-1.9659,-0.122066
-173.809,-1185.66,-1.95343,-0.1221
-173.848,-1185.66,-1.94064,-0.121137
-173.886,-1185.67,-1.92815,-0.119744
-173.924,-1185.67,-1.91601,-0.1184
-173.961,-1185.67,-1.90384,-0.116596
-173.998,-1185.67,-1.89139,-0.114355
-174.035,-1185.67,-1.87881,-0.112936
-174.072,-1185.68,-1.86766,-0.113002
-174.109,-1185.68,-1.85659,-0.114482
-174.145,-1185.68,-1.84549,-0.11635
-174.181,-1185.68,-1.83517,-0.118474
-174.217,-1185.68,-1.82496,-0.1207
-174.253,-1185.69,-1.81473,-0.121941
-174.289,-1185.69,-1.80465,-0.122113
-174.324,-1185.69,-1.79415,-0.120313
-174.359,-1185.69,-1.78358,-0.11769
-174.394,-1185.69,-1.77291,-0.114756
-174.428,-1185.7,-1.76282,-0.111314
-174.463,-1185.7,-1.75362,-0.108574
-174.497,-1185.7,-1.74457,-0.106198
-174.531,-1185.7,-1.73577,-0.104345
-174.565,-1185.7,-1.72752,-0.102968
-174.599,-1185.7,-1.71946,-0.101301
-174.633,-1185.71,-1.71171,-0.099876
-174.666,-1185.71,-1.70393,-0.0990139
-174.699,-1185.71,-1.69511,-0.0986214
-174.733,-1185.71,-1.68652,-0.0977362
-174.766,-1185.71,-1.67865,-0.0966748
-174.799,-1185.71,-1.67094,-0.0961833
-174.831,-1185.72,-1.66339,-0.0956268
-174.864,-1185.72,-1.65563,-0.094673
-174.897,-1185.72,-1.64789,-0.0935265
-174.929,-1185.72,-1.64029,-0.0933634
-174.961,-1185.72,-1.63284,-0.0933736
-174.993,-1185.72,-1.62521,-0.0936548
-175.025,-1185.73,-1.61703,-0.0939518
-175.057,-1185.73,-1.60918,-0.0939259
-175.088,-1185.73,-1.60162,-0.093974
-175.12,-1185.73,-1.59363,-0.0932084
-175.151,-1185.73,-1.5846,-0.0917756
-175.182,-1185.73,-1.57533,-0.0899585
-175.213,-1185.73,-1.56654,-0.0881233
-175.244,-1185.74,-1.55786,-0.0865241
-175.275,-1185.74,-1.54912,-0.0843241
-175.305,-1185.74,-1.54064,-0.0819512
-175.335,-1185.74,-1.5324,-0.0796019
-175.365,-1185.74,-1.52481,-0.0775727
-175.395,-1185.74,-1.51721,-0.0759557
-175.424,-1185.74,-1.50879,-0.0748772
-175.454,-1185.75,-1.50025,-0.0750702
-175.483,-1185.75,-1.4922,-0.0761333
-175.512,-1185.75,-1.48385,-0.0778607
-175.542,-1185.75,-1.47533,-0.0787043
-175.57,-1185.75,-1.46688,-0.0782939
-175.599,-1185.75,-1.45779,-0.0779582
-175.628,-1185.75,-1.44896,-0.0771547
-175.656,-1185.75,-1.4404,-0.0761343
-175.684,-1185.76,-1.43158,-0.0752227
-175.712,-1185.76,-1.42311,-0.0735985
-175.74,-1185.76,-1.41497,-0.0723077
-175.767,-1185.76,-1.40685,-0.0712547
-175.795,-1185.76,-1.39887,-0.0702853
-175.822,-1185.76,-1.39145,-0.0695955
-175.85,-1185.76,-1.38413,-0.0691197
-175.877,-1185.76,-1.37674,-0.0695741
-175.904,-1185.77,-1.36923,-0.0703527
-175.931,-1185.77,-1.36191,-0.0713138
-175.957,-1185.77,-1.35492,-0.0719245
-175.984,-1185.77,-1.34754,-0.0718414
-176.01,-1185.77,-1.34009,-0.0717215
-176.037,-1185.77,-1.33275,-0.0709309
-176.063,-1185.77,-1.32532,-0.0697022
-176.089,-1185.77,-1.31793,-0.0681096
-176.115,-1185.78,-1.31003,-0.0666403
-176.14,-1185.78,-1.30168,-0.0651736
-176.165,-1185.78,-1.29383,-0.0639324
-176.191,-1185.78,-1.28614,-0.0632256
-176.216,-1185.78,-1.27752,-0.0618746
-176.241,-1185.78,-1.26896,-0.0601156
-176.265,-1185.78,-1.26038,-0.0583029
-176.291,-1185.78,-1.2521,-0.0566136
-176.316,-1185.78,-1.24357,-0.0550429
-176.34,-1185.79,-1.23529,-0.0532952
-176.365,-1185.79,-1.22695,-0.0524948
-176.389,-1185.79,-1.21822,-0.0523332
-176.412,-1185.79,-1.20988,-0.0523256
-176.435,-1185.79,-1.20144,-0.052773
-176.459,-1185.79,-1.19379,-0.0531327
-176.482,-1185.79,-1.18464,-0.0543443
-176.505,-1185.79,-1.17469,-0.0559636
-176.527,-1185.79,-1.16466,-0.0562262
-176.55,-1185.79,-1.15246,-0.0564955
-176.572,-1185.8,-1.13975,-0.0566192
-176.594,-1185.8,-1.12857,-0.0554705
-176.616,-1185.8,-1.12025,-0.0550446
-176.637,-1185.8,-1.11507,-0.0549871
-176.659,-1185.8,-1.11031,-0.0540974
-176.68,-1185.8,-1.10507,-0.0528832
-176.702,-1185.8,-1.10171,-0.0513595
-176.723,-1185.8,-1.0993,-0.0501373
-176.744,-1185.8,-1.09661,-0.0500432
-176.765,-1185.8,-1.09352,-0.0498678
-176.787,-1185.8,-1.09027,-0.0493626
-176.808,-1185.81,-1.08763,-0.0494161
-176.828,-1185.81,-1.08474,-0.049405
-176.849,-1185.81,-1.08162,-0.048974
-176.87,-1185.81,-1.07802,-0.0488716
-176.89,-1185.81,-1.07465,-0.0485956
-176.911,-1185.81,-1.07157,-0.0479164
-176.931,-1185.81,-1.06844,-0.0472862
-176.951,-1185.81,-1.06501,-0.046954
-176.972,-1185.81,-1.06122,-0.0462369
-176.992,-1185.81,-1.05744,-0.0449441
-177.012,-1185.81,-1.05398,-0.0434554
-177.032,-1185.81,-1.05057,-0.0419609
-177.052,-1185.82,-1.04681,-0.0407931
-177.073,-1185.82,-1.04334,-0.0399019
-177.093,-1185.82,-1.03965,-0.0394153
-177.112,-1185.82,-1.03598,-0.0393091
-177.132,-1185.82,-1.03264,-0.0394365
-177.152,-1185.82,-1.0292,-0.0402824
-177.172,-1185.82,-1.02551,-0.040961
-177.192,-1185.82,-1.02146,-0.0417791
-177.212,-1185.82,-1.01753,-0.042864
-177.231,-1185.82,-1.01305,-0.0435122
-177.251,-1185.82,-1.00712,-0.0444514
-177.27,-1185.82,-1.0011,-0.045378
-177.29,-1185.83,-0.99608,-0.0450662
-177.309,-1185.83,-0.992691,-0.0446707
-177.328,-1185.83,-0.990789,-0.0440612
-177.347,-1185.83,-0.98887,-0.0430128
-177.367,-1185.83,-0.986731,-0.0419576
-177.386,-1185.83,-0.985443,-0.0405792
-177.405,-1185.83,-0.984713,-0.0392175
-177.424,-1185.83,-0.983902,-0.0382925
-177.443,-1185.83,-0.982778,-0.0377653
-177.462,-1185.83,-0.981901,-0.0367172
-177.481,-1185.83,-0.981411,-0.0362416
-177.5,-1185.83,-0.980751,-0.0360535
-177.519,-1185.83,-0.97977,-0.0356876
-177.538,-1185.83,-0.978519,-0.0361362
-177.557,-1185.84,-0.977558,-0.0370689
-177.577,-1185.84,-0.976362,-0.0376654
-177.595,-1185.84,-0.974803,-0.0379544
-177.614,-1185.84,-0.973472,-0.0379456
-177.633,-1185.84,-0.971867,-0.0380138
-177.652,-1185.84,-0.970541,-0.0376275
-177.671,-1185.84,-0.969439,-0.0372845
-177.69,-1185.84,-0.968052,-0.0372087
-177.709,-1185.84,-0.966774,-0.0370021
-177.728,-1185.84,-0.965524,-0.0367138
-177.746,-1185.84,-0.964754,-0.0357013
-177.765,-1185.84,-0.963917,-0.0344165
-177.784,-1185.84,-0.963089,-0.0333374
-177.803,-1185.85,-0.962262,-0.0326358
-177.822,-1185.85,-0.96135,-0.0315059
-177.84,-1185.85,-0.960797,-0.030525
-177.859,-1185.85,-0.960109,-0.0305597
-177.878,-1185.85,-0.959168,-0.0306037
-177.897,-1185.85,-0.959565,-0.0308473
-177.915,-1185.85,-0.960422,-0.0314234
-177.934,-1185.85,-0.961171,-0.0313144
-177.954,-1185.85,-0.961697,-0.0311146
-177.973,-1185.85,-0.961606,-0.0310407
-177.992,-1185.85,-0.961319,-0.0305915
-178.01,-1185.85,-0.960245,-0.0302921
-178.029,-1185.85,-0.958537,-0.0299308
-178.048,-1185.85,-0.956647,-0.0295238
-178.066,-1185.85,-0.955435,-0.0288234
-178.084,-1185.86,-0.95474,-0.0283171
-178.103,-1185.86,-0.953588,-0.0278142
-178.121,-1185.86,-0.952042,-0.0271842
-178.14,-1185.86,-0.950709,-0.0273035
-178.158,-1185.86,-0.949992,-0.0275737
-178.177,-1185.86,-0.949696,-0.028132
-178.195,-1185.86,-0.949327,-0.0285241
-178.214,-1185.86,-0.9488,-0.0286403
-178.232,-1185.86,-0.948366,-0.029317
-178.251,-1185.86,-0.947992,-0.0298172
-178.269,-1185.86,-0.947313,-0.0303801
-178.288,-1185.86,-0.946893,-0.0307267
-178.306,-1185.86,-0.946839,-0.0307724
-178.324,-1185.86,-0.94717,-0.0308931
-178.343,-1185.86,-0.947858,-0.030806
-178.361,-1185.87,-0.948338,-0.0304633
-178.38,-1185.87,-0.949037,-0.0293357
-178.398,-1185.87,-0.949759,-0.0281647
-178.417,-1185.87,-0.95013,-0.027309
-178.435,-1185.87,-0.951227,-0.0263653
-178.454,-1185.87,-0.952572,-0.0252614
-178.472,-1185.87,-0.954155,-0.0241711
-178.491,-1185.87,-0.955378,-0.0241245
-178.509,-1185.87,-0.956101,-0.0242184
-178.528,-1185.87,-0.9569,-0.0241563
-178.547,-1185.87,-0.957034,-0.0248793
-178.565,-1185.87,-0.956443,-0.0254098
-178.584,-1185.87,-0.955832,-0.0259606
-178.602,-1185.87,-0.955524,-0.0264475
-178.621,-1185.87,-0.955604,-0.0268203
-178.639,-1185.87,-0.955819,-0.0270505
-178.658,-1185.88,-0.956073,-0.0268793
-178.676,-1185.88,-0.956011,-0.0268677
-178.695,-1185.88,-0.956142,-0.0267279
-178.714,-1185.88,-0.956251,-0.0267365
-178.732,-1185.88,-0.956114,-0.0263943
-178.751,-1185.88,-0.956374,-0.0257769
-178.769,-1185.88,-0.956512,-0.0255207
-178.788,-1185.88,-0.956313,-0.0251061
-178.806,-1185.88,-0.955602,-0.0248479
-178.825,-1185.88,-0.954991,-0.0249546
-178.843,-1185.88,-0.954829,-0.0252631
-178.862,-1185.88,-0.954558,-0.025412
-178.88,-1185.88,-0.954573,-0.0253306
-178.899,-1185.88,-0.954501,-0.0253409
-178.917,-1185.88,-0.953709,-0.0247834
-178.936,-1185.89,-0.952995,-0.0241427
-178.954,-1185.89,-0.952205,-0.0237239
-178.973,-1185.89,-0.951633,-0.0228616
-178.991,-1185.89,-0.951066,-0.0218993
-179.009,-1185.89,-0.950535,-0.0208325
-179.028,-1185.89,-0.949974,-0.020336
-179.046,-1185.89,-0.949298,-0.0202552
-179.065,-1185.89,-0.948912,-0.0199276
-179.083,-1185.89,-0.948273,-0.0203435
-179.101,-1185.89,-0.947442,-0.0206825
-179.12,-1185.89,-0.94639,-0.0208986
-179.138,-1185.89,-0.945214,-0.0211034
-179.156,-1185.89,-0.944628,-0.0212442
-179.174,-1185.89,-0.943755,-0.0220189
-179.193,-1185.89,-0.942697,-0.0226677
-179.211,-1185.89,-0.941772,-0.0228781
-179.229,-1185.89,-0.940972,-0.0225072
-179.247,-1185.9,-0.940122,-0.021994
-179.265,-1185.9,-0.938926,-0.0217043
-179.283,-1185.9,-0.937836,-0.0214437
-179.302,-1185.9,-0.936868,-0.0212194
-179.32,-1185.9,-0.935908,-0.0209776
-179.337,-1185.9,-0.934942,-0.0209089
-179.356,-1185.9,-0.933871,-0.0209386
-179.373,-1185.9,-0.9327,-0.0209867
-179.392,-1185.9,-0.931443,-0.021463
-179.41,-1185.9,-0.930696,-0.0212939
-179.429,-1185.9,-0.930357,-0.0213972
-179.447,-1185.9,-0.929713,-0.0219931
-179.466,-1185.9,-0.928812,-0.0222811
-179.484,-1185.9,-0.927978,-0.022658
-179.503,-1185.9,-0.927527,-0.0228966
-179.521,-1185.9,-0.927176,-0.0231897
-179.54,-1185.9,-0.926662,-0.0229179
-179.557,-1185.9,-0.925018,-0.0221658
-179.575,-1185.91,-0.923879,-0.0210487
-179.592,-1185.91,-0.92336,-0.0195241
-179.61,-1185.91,-0.92238,-0.0183195
-179.627,-1185.91,-0.92111,-0.0167834
-179.644,-1185.91,-0.919949,-0.0156465
-179.662,-1185.91,-0.919091,-0.0153619
-179.679,-1185.91,-0.918671,-0.015581
-179.697,-1185.91,-0.91796,-0.0167522
-179.714,-1185.91,-0.917457,-0.0180046
-179.732,-1185.91,-0.91688,-0.0190532
-179.749,-1185.91,-0.916341,-0.020136
-179.766,-1185.91,-0.915652,-0.0208014
-179.784,-1185.91,-0.914739,-0.0213838
-179.801,-1185.91,-0.914252,-0.02159
-179.819,-1185.91,-0.913537,-0.0218105
-179.836,-1185.92,-0.912906,-0.0219153
-179.853,-1185.92,-0.912303,-0.0214358
-179.871,-1185.92,-0.911057,-0.0212215
-179.888,-1185.92,-0.910493,-0.0206809
-179.906,-1185.92,-0.909612,-0.0201433
-179.923,-1185.92,-0.908505,-0.0191615
-179.94,-1185.92,-0.908169,-0.0178903
-179.958,-1185.92,-0.907464,-0.0172624
-179.975,-1185.92,-0.906671,-0.0168496
-179.993,-1185.92,-0.906379,-0.0171392
-180.01,-1185.92,-0.906291,-0.0179239
-180.027,-1185.92,-0.90684,-0.0189864
-180.045,-1185.92,-0.908148,-0.0204958
-180.062,-1185.92,-0.910632,-0.0217114
-180.079,-1185.92,-0.913867,-0.0233683
-180.097,-1185.93,-0.918319,-0.0249315
-180.115,-1185.93,-0.923918,-0.0261062
-180.132,-1185.93,-0.929971,-0.027376
-180.15,-1185.93,-0.936784,-0.0276485
-180.168,-1185.93,-0.943481,-0.0270289
-180.186,-1185.93,-0.949515,-0.0253193
-180.204,-1185.93,-0.955058,-0.0229999
-180.222,-1185.93,-0.960604,-0.021517
-180.241,-1185.93,-0.966913,-0.0205091
-180.259,-1185.93,-0.973748,-0.0199519
-180.278,-1185.93,-0.981211,-0.0195102
-180.297,-1185.93,-0.988517,-0.019395
-180.316,-1185.93,-0.996317,-0.0194775
-180.335,-1185.93,-1.00398,-0.0196302
-180.354,-1185.93,-1.01169,-0.0194694
-180.374,-1185.93,-1.0195,-0.0190451
-180.393,-1185.94,-1.0273,-0.0184772
-180.413,-1185.94,-1.03557,-0.0170868
-180.433,-1185.94,-1.04346,-0.0159824
-180.453,-1185.94,-1.05131,-0.0148024
-180.473,-1185.94,-1.05906,-0.013934
-180.494,-1185.94,-1.0672,-0.0130847
-180.514,-1185.94,-1.07485,-0.0124735
-180.535,-1185.94,-1.08323,-0.0117332
-180.556,-1185.94,-1.09055,-0.011473
-180.577,-1185.94,-1.09791,-0.0115824
-180.598,-1185.94,-1.10613,-0.0117551
-180.619,-1185.94,-1.11423,-0.0123224
-180.641,-1185.94,-1.12249,-0.0133136
-180.662,-1185.94,-1.13062,-0.0152566
-180.684,-1185.94,-1.13993,-0.0170737
-180.706,-1185.94,-1.14744,-0.0193313
-180.729,-1185.94,-1.15534,-0.0209205
-180.751,-1185.95,-1.16421,-0.0223479
-180.774,-1185.95,-1.17196,-0.0234118
-180.797,-1185.95,-1.18031,-0.0233876
-180.819,-1185.95,-1.18845,-0.0231098
-180.843,-1185.95,-1.19626,-0.0221991
-180.866,-1185.95,-1.20491,-0.020696
-180.889,-1185.95,-1.21328,-0.0190943
-180.913,-1185.95,-1.22135,-0.0179459
-180.937,-1185.95,-1.22995,-0.0172181
-180.961,-1185.95,-1.23908,-0.0165288
-180.985,-1185.95,-1.24747,-0.0165977
-181.009,-1185.95,-1.25573,-0.0165582
-181.034,-1185.95,-1.26552,-0.0153867
-181.06,-1185.95,-1.27585,-0.0142475
-181.085,-1185.95,-1.28781,-0.0139749
-181.111,-1185.95,-1.30188,-0.0136782
-181.137,-1185.95,-1.31745,-0.0133068
-181.163,-1185.95,-1.33417,-0.0137201
-181.19,-1185.95,-1.3512,-0.0140519
-181.216,-1185.96,-1.3669,-0.0147911
-181.243,-1185.96,-1.38213,-0.0149621
-181.269,-1185.96,-1.3982,-0.0154287
-181.296,-1185.96,-1.41488,-0.0162095
-181.324,-1185.96,-1.43187,-0.0166497
-181.352,-1185.96,-1.44951,-0.0170004
-181.38,-1185.96,-1.46787,-0.0171079
-181.409,-1185.96,-1.487,-0.017058
-181.438,-1185.96,-1.50651,-0.01766
-181.467,-1185.96,-1.52626,-0.0183818
-181.497,-1185.96,-1.54731,-0.0188906
-181.528,-1185.97,-1.57043,-0.01963
-181.559,-1185.97,-1.5943,-0.0200218
-181.59,-1185.97,-1.61939,-0.0197527
-181.622,-1185.97,-1.64582,-0.0195241
-181.654,-1185.97,-1.67354,-0.0192345
-181.687,-1185.97,-1.70177,-0.0182913
-181.721,-1185.97,-1.73005,-0.0173129
-181.755,-1185.97,-1.75855,-0.0169351
-181.79,-1185.97,-1.78631,-0.0173008
-181.825,-1185.97,-1.81394,-0.01735
-181.861,-1185.97,-1.84205,-0.0170981
-181.898,-1185.97,-1.87037,-0.0171432
-181.935,-1185.98,-1.89913,-0.0172069
-181.973,-1185.98,-1.9284,-0.017453
-182.011,-1185.98,-1.958,-0.0174723
-182.05,-1185.98,-1.98775,-0.0165084
-182.09,-1185.98,-2.01699,-0.0163501
-182.13,-1185.98,-2.04431,-0.0158724
-182.17,-1185.98,-2.07061,-0.0136148
-182.212,-1185.98,-2.09738,-0.0117198
-182.254,-1185.98,-2.12297,-0.0108003
-182.296,-1185.98,-2.14883,-0.00895469
-182.34,-1185.98,-2.17559,-0.00746877
-182.383,-1185.98,-2.2016,-0.00713062
-182.427,-1185.99,-2.22808,-0.00660182
-182.472,-1185.99,-2.25542,-0.00649008
-182.517,-1185.99,-2.28366,-0.00699714
-182.563,-1185.99,-2.3114,-0.00711772
-182.609,-1185.99,-2.34012,-0.00756682
-182.656,-1185.99,-2.37025,-0.00860933
-182.704,-1185.99,-2.3992,-0.00929996
-182.752,-1185.99,-2.42739,-0.00976764
-182.8,-1185.99,-2.45548,-0.00992827
-182.849,-1185.99,-2.48368,-0.00906853
-182.899,-1185.99,-2.5115,-0.00814188
-182.949,-1186,-2.53988,-0.00760957
-183,-1186,-2.56926,-0.00836191
-183.052,-1186,-2.60051,-0.0114628
-183.104,-1186,-2.63077,-0.0161088
-183.157,-1186,-2.65772,-0.0186922
-183.21,-1186,-2.68256,-0.0201256
-183.263,-1186,-2.70845,-0.0217094
-183.318,-1186,-2.73274,-0.0210849
-183.372,-1186,-2.75443,-0.018094
-183.427,-1186.01,-2.77651,-0.014298
-183.483,-1186.01,-2.79951,-0.0111753
-183.539,-1186.01,-2.82194,-0.00734522
-183.596,-1186.01,-2.84479,-0.00428102
-183.653,-1186.01,-2.86844,-0.00390275
-183.71,-1186.01,-2.89079,-0.00446072
-183.768,-1186.01,-2.91216,-0.00587128
-183.826,-1186.01,-2.93287,-0.00791501
-183.885,-1186.01,-2.95274,-0.0105608
-183.944,-1186.01,-2.97297,-0.0137401
-184.003,-1186.01,-2.99347,-0.0165658
-184.063,-1186.02,-3.01411,-0.0184755
-184.124,-1186.02,-3.03412,-0.0198113
-184.184,-1186.02,-3.0547,-0.0205715
-184.245,-1186.02,-3.0741,-0.020624
-184.307,-1186.02,-3.09306,-0.0207354
-184.369,-1186.02,-3.11141,-0.0206299
-184.431,-1186.02,-3.12891,-0.0198712
-184.494,-1186.02,-3.14691,-0.0184767
-184.557,-1186.03,-3.16454,-0.0162034
-184.62,-1186.03,-3.1822,-0.0134873
-184.684,-1186.03,-3.19944,-0.00975257
-184.748,-1186.03,-3.21535,-0.00836333
-184.812,-1186.03,-3.23045,-0.00738271
-184.877,-1186.03,-3.24513,-0.00624142
-184.942,-1186.03,-3.25957,-0.00394746
-185.007,-1186.03,-3.27227,-0.00159696
-185.073,-1186.03,-3.28154,-0.00195499
-185.138,-1186.03,-3.28954,-0.00330236
-185.204,-1186.03,-3.29694,-0.00399231
-185.269,-1186.04,-3.30247,-0.00422741
-185.335,-1186.04,-3.30743,-0.00377074
-185.401,-1186.04,-3.31254,-0.00262408
-185.467,-1186.04,-3.31612,-0.00178747
-185.533,-1186.04,-3.31845,-0.000651569
-185.599,-1186.04,-3.32145,0.00116543
-185.665,-1186.04,-3.32516,0.00172273
-185.732,-1186.04,-3.32752,0.000665301
-185.798,-1186.04,-3.32856,-0.000105096
-185.864,-1186.05,-3.33145,-0.00123056
-185.93,-1186.05,-3.33594,-0.00392278
-185.997,-1186.05,-3.34025,-0.00667969
-186.063,-1186.05,-3.34427,-0.0093075
-186.13,-1186.05,-3.3468,-0.0114601
-186.196,-1186.05,-3.34876,-0.0131775
-186.263,-1186.05,-3.35212,-0.0159331
-186.329,-1186.05,-3.3548,-0.0190842
-186.396,-1186.06,-3.35662,-0.0213085
-186.463,-1186.06,-3.3608,-0.0237691
-186.53,-1186.06,-3.36706,-0.0259487
-186.596,-1186.06,-3.37438,-0.02646
-186.663,-1186.06,-3.38299,-0.0274211
-186.731,-1186.06,-3.39051,-0.0286132
-186.798,-1186.06,-3.39781,-0.0289549
-186.866,-1186.06,-3.40706,-0.0298704
-186.933,-1186.07,-3.41744,-0.0318893
-187.002,-1186.07,-3.4265,-0.034237
-187.069,-1186.07,-3.432,-0.0354717
-187.137,-1186.07,-3.43819,-0.0363428
-187.205,-1186.07,-3.44508,-0.0368321
-187.274,-1186.07,-3.45052,-0.0350649
-187.342,-1186.07,-3.45616,-0.0323597
-187.411,-1186.08,-3.462,-0.0294122
-187.479,-1186.08,-3.46705,-0.0248723
-187.548,-1186.08,-3.47174,-0.0199348
-187.617,-1186.08,-3.47632,-0.0171221
-187.686,-1186.08,-3.4813,-0.0164058
-187.755,-1186.08,-3.48614,-0.0160267
-187.824,-1186.08,-3.49126,-0.0160553
-187.893,-1186.08,-3.49715,-0.0171271
-187.963,-1186.08,-3.50223,-0.0181659
-188.032,-1186.08,-3.50648,-0.0179896
-188.101,-1186.08,-3.51135,-0.0174921
-188.171,-1186.09,-3.5165,-0.0172975
-188.241,-1186.09,-3.5208,-0.0156371
-188.311,-1186.09,-3.52575,-0.0137798
-188.381,-1186.09,-3.53144,-0.0127961
-188.451,-1186.09,-3.53587,-0.0122234
-188.521,-1186.09,-3.53916,-0.0123502
-188.591,-1186.09,-3.54312,-0.0127817
-188.662,-1186.09,-3.54803,-0.0131733
-188.732,-1186.09,-3.55296,-0.0147958
-188.803,-1186.09,-3.55731,-0.0167394
-188.873,-1186.09,-3.56155,-0.0167175
-188.944,-1186.09,-3.56593,-0.0164224
-189.015,-1186.09,-3.57086,-0.01626
-189.086,-1186.1,-3.57495,-0.0158684
-189.156,-1186.1,-3.57788,-0.015478
-189.227,-1186.1,-3.58142,-0.014392
-189.298,-1186.1,-3.58544,-0.0135668
-189.369,-1186.1,-3.58941,-0.0124344
-189.44,-1186.1,-3.59401,-0.0116001
-189.511,-1186.1,-3.59828,-0.0105338
-189.583,-1186.1,-3.60202,-0.00900437
-189.654,-1186.1,-3.60608,-0.00773532
-189.726,-1186.1,-3.6112,-0.00666507
-189.797,-1186.1,-3.61682,-0.00605349
-189.869,-1186.1,-3.62136,-0.00601863
-189.941,-1186.1,-3.6266,-0.00674029
-190.013,-1186.1,-3.63267,-0.00788518
-190.085,-1186.1,-3.63821,-0.00881438
-190.157,-1186.11,-3.64419,-0.00815112
-190.23,-1186.11,-3.64985,-0.00647152
-190.302,-1186.11,-3.65515,-0.0043647
-190.375,-1186.11,-3.66088,-0.0016559
-190.448,-1186.11,-3.66765,0.00168557
-190.522,-1186.11,-3.67447,0.00533611
-190.595,-1186.11,-3.68063,0.00880056
-190.669,-1186.11,-3.68746,0.0122368
-190.743,-1186.11,-3.69473,0.0145549
-190.816,-1186.11,-3.70044,0.0142519
-190.889,-1186.11,-3.70575,0.0136342
-190.962,-1186.11,-3.71093,0.0132274
-191.036,-1186.11,-3.71667,0.0129448
-191.11,-1186.11,-3.72356,0.012973
-191.184,-1186.11,-3.73054,0.013447
-191.258,-1186.11,-3.73683,0.0148656
-191.332,-1186.11,-3.74231,0.0168543
-191.406,-1186.11,-3.74798,0.0181748
-191.48,-1186.11,-3.75352,0.0196291
-191.555,-1186.11,-3.76009,0.0210647
-191.63,-1186.11,-3.76743,0.0225885
-191.704,-1186.11,-3.77406,0.0228936
-191.78,-1186.11,-3.78107,0.0221363
-191.855,-1186.11,-3.78909,0.0218985
-191.93,-1186.11,-3.79637,0.0215174
-192.005,-1186.11,-3.80228,0.0203411
-192.081,-1186.11,-3.8082,0.0189906
-192.156,-1186.11,-3.81424,0.0180685
-192.232,-1186.11,-3.81996,0.0174066
-192.308,-1186.11,-3.82542,0.0170822
-192.384,-1186.11,-3.83113,0.0158647
-192.461,-1186.11,-3.83653,0.0146629
-192.537,-1186.11,-3.8409,0.0151361
-192.613,-1186.11,-3.84513,0.0150828
-192.69,-1186.11,-3.84903,0.0143748
-192.766,-1186.11,-3.8522,0.0148709
-192.843,-1186.11,-3.85532,0.0153163
-192.92,-1186.11,-3.85852,0.0144908
-192.996,-1186.11,-3.86176,0.0137016
-193.073,-1186.11,-3.86505,0.0132919
-193.15,-1186.11,-3.86775,0.0133361
-193.227,-1186.11,-3.87026,0.0149866
-193.304,-1186.11,-3.87228,0.0168095
-193.381,-1186.11,-3.87379,0.0187534
-193.458,-1186.11,-3.87618,0.0215735
-193.536,-1186.11,-3.87808,0.0253197
-193.613,-1186.11,-3.87892,0.0287946
-193.69,-1186.11,-3.87991,0.0305453
-193.767,-1186.11,-3.88138,0.0332573
-193.845,-1186.11,-3.88192,0.0369915
-193.922,-1186.11,-3.88212,0.0391406
-193.999,-1186.11,-3.88316,0.0402716
-194.077,-1186.11,-3.88408,0.0414979
-194.154,-1186.11,-3.8849,0.0421978
-194.232,-1186.11,-3.88532,0.0421008
-194.309,-1186.11,-3.88514,0.0415932
-194.386,-1186.11,-3.88592,0.0411512
-194.464,-1186.11,-3.88662,0.0396611
-194.541,-1186.11,-3.88662,0.0375768
-194.619,-1186.11,-3.88715,0.0360296
-194.696,-1186.11,-3.88764,0.0348389
-194.773,-1186.11,-3.88768,0.0343274
-194.851,-1186.11,-3.88794,0.0337816
-194.928,-1186.11,-3.88814,0.0332433
-195.005,-1186.11,-3.8885,0.0328857
-195.083,-1186.11,-3.88855,0.0331338
-195.16,-1186.11,-3.88852,0.0331653
-195.237,-1186.11,-3.88834,0.0328877
-195.315,-1186.11,-3.88651,0.0334559
-195.392,-1186.11,-3.88469,0.0340526
-195.469,-1186.11,-3.88299,0.0342324
-195.546,-1186.11,-3.8804,0.0339918
-195.623,-1186.11,-3.8776,0.0323356
-195.701,-1186.11,-3.87344,0.0300405
-195.778,-1186.11,-3.86869,0.0288722
-195.854,-1186.11,-3.86507,0.0274608
-195.931,-1186.11,-3.86006,0.0258352
-196.008,-1186.11,-3.85282,0.0259943
-196.084,-1186.11,-3.84529,0.0288913
-196.16,-1186.11,-3.83742,0.0326563
-196.237,-1186.11,-3.82931,0.0357441
-196.313,-1186.11,-3.82141,0.0390167
-196.389,-1186.11,-3.81343,0.041879
-196.464,-1186.11,-3.80534,0.0429937
-196.54,-1186.1,-3.79817,0.0437711
-196.616,-1186.1,-3.79061,0.0440518
-196.692,-1186.1,-3.7825,0.0441617
-196.767,-1186.1,-3.77487,0.0446318
-196.843,-1186.1,-3.76736,0.0450204
-196.918,-1186.1,-3.75904,0.0452472
-196.992,-1186.1,-3.74884,0.0450495
-197.066,-1186.1,-3.73885,0.0440677
-197.14,-1186.1,-3.72918,0.0422745
-197.214,-1186.1,-3.71933,0.0406657
-197.288,-1186.1,-3.70988,0.0397915
-197.361,-1186.1,-3.7002,0.0390153
-197.434,-1186.1,-3.68989,0.0380253
-197.507,-1186.1,-3.67979,0.0384376
-197.579,-1186.1,-3.6702,0.0392002
-197.652,-1186.1,-3.66019,0.0397644
-197.724,-1186.1,-3.65042,0.0405895
-197.796,-1186.1,-3.64155,0.0415473
-197.868,-1186.1,-3.63258,0.0423085
-197.939,-1186.1,-3.6234,0.0431723
-198.011,-1186.09,-3.61436,0.043728
-198.082,-1186.09,-3.60532,0.0433263
-198.153,-1186.09,-3.59716,0.0420019
-198.225,-1186.09,-3.5889,0.0407798
-198.295,-1186.09,-3.58073,0.0394306
-198.366,-1186.09,-3.57235,0.038074
-198.437,-1186.09,-3.56302,0.0365997
-198.507,-1186.09,-3.55462,0.0349167
-198.578,-1186.09,-3.54706,0.034089
-198.648,-1186.09,-3.53805,0.0341556
-198.718,-1186.09,-3.52786,0.034389
-198.787,-1186.09,-3.51824,0.0352586
-198.857,-1186.09,-3.50847,0.0365656
-198.926,-1186.09,-3.49871,0.0383319
-198.995,-1186.09,-3.48954,0.0398866
-199.063,-1186.09,-3.48049,0.040869
-199.132,-1186.09,-3.4718,0.0413397
-199.2,-1186.09,-3.46395,0.0409
-199.269,-1186.08,-3.45614,0.0398877
-199.337,-1186.08,-3.44719,0.0387342
-199.405,-1186.08,-3.43847,0.0372645
-199.473,-1186.08,-3.43063,0.0362243
-199.54,-1186.08,-3.42226,0.0358292
-199.608,-1186.08,-3.41296,0.0359433
-199.675,-1186.08,-3.40277,0.036448
-199.742,-1186.08,-3.39222,0.0369511
-199.809,-1186.08,-3.3828,0.0372792
-199.875,-1186.08,-3.37445,0.0382862
-199.942,-1186.08,-3.36618,0.0397746
